Loyalty#,Province or State,City,Gender,Education,Location Code,Income,Marital Status,LoyaltyStatus,EnrollmentDateOpening,CancellationDate,Customer Lifetime Value,EnrollmentType,Education Encoded,LoyaltyStatus Encoded,FlightsTotal,DistanceKM,KMPerFlight,FlightsRatioAccompanied,DistanceRatioRedeemedPoints,Flights2019,FlightsJan,FlightsFeb,FlightsMar,FlightsApr,FlightsMay,FlightsJun,FlightsJul,FlightsAug,FlightsSep,FlightsOct,FlightsNov,FlightsDec,Flights2020,Flights2021,FlightsGrowth2020vs2019%,FlightsGrowth2021vs2020%,MonthlyFlightVariance,CLVperFlight,CLVperPointsRedeemed,Months Enrolled
429460,British Columbia,Vancouver,male,College,Urban,0.0,Single,Star,2017-07-14,2021-01-08,3839.75,Standard,2,1,120,238376,1986.47,0.33,0.02,54,21,8,15,0,23,0,0,21,15,0,15,2,60,6,11.11,-90.0,17.422285714285714,32.0,0.7,42
354730,New Brunswick,Fredericton,female,College,Urban,0.0,Married,Star,2017-10-23,2021-01-02,3885.46,Standard,2,1,134,297077,2216.99,0.38,0.0,63,26,10,0,10,0,30,8,17,25,4,6,0,70,1,11.11,-98.57,24.770349206349206,29.0,0.0,38
733338,Ontario,Thunder Bay,female,Bachelor,Rural,66676.0,Married,Star,2019-06-03,2020-02-03,3919.37,Standard,3,1,19,48560,2555.79,0.42,0.0,9,19,0,0,0,0,0,0,0,0,0,0,0,10,0,11.11,-100.0,4.884920634920633,206.28,0.0,8
869743,Ontario,Sudbury,female,Bachelor,Suburban,56480.0,Single,Star,2019-11-10,2020-07-10,3924.42,Standard,3,1,99,197172,1991.64,0.19,0.0,47,15,0,15,21,0,30,17,0,0,0,0,0,52,0,10.64,-100.0,22.55739682539683,39.64,0.0,8
654748,Ontario,Ottawa,female,Bachelor,Rural,46210.0,Married,Star,2020-04-03,2020-12-03,3996.77,Standard,3,1,82,165530,2018.66,0.21,0.0,39,0,0,0,0,0,10,0,0,23,15,10,25,43,0,10.26,-100.0,16.784468253968253,48.74,0.0,8
881142,British Columbia,Vancouver,female,Doctor,Suburban,13330.0,Single,Star,2019-09-27,2020-05-27,4046.94,Standard,5,1,65,156136,2402.09,0.35,0.08,31,15,10,15,13,11,0,0,0,0,0,0,0,34,0,9.68,-100.0,8.995968253968257,62.26,0.31,8
711363,Ontario,Sudbury,male,College,Suburban,0.0,Married,Star,2021-04-24,2021-12-24,4064.11,2021 Promotion,2,1,41,81823,1995.68,0.2,0.0,0,0,0,0,0,3,5,8,0,9,5,11,0,0,41,0.0,0.0,7.951587301587303,99.12,0.0,8
539673,Ontario,Toronto,female,Bachelor,Urban,24123.0,Married,Star,2018-02-20,2021-06-06,4087.51,Standard,3,1,149,271320,1820.94,0.1,0.03,64,22,28,28,0,0,11,0,0,11,6,21,21,71,14,10.94,-80.28,23.817801587301588,27.43,0.54,39
528492,Quebec,Hull,male,Bachelor,Suburban,38884.0,Married,Star,2018-06-09,2021-11-18,4090.75,Standard,3,1,202,453682,2245.95,0.26,0.03,68,37,21,30,6,7,2,4,6,27,24,17,23,75,60,10.29,-20.0,23.991642857142864,20.25,0.33,41
382197,British Columbia,Vancouver,male,Bachelor,Rural,51193.0,Married,Star,2020-10-30,2021-06-30,4100.47,Standard,3,1,48,61075,1272.4,0.25,0.06,4,10,0,6,9,13,0,0,0,0,0,10,0,5,38,25.0,660.0,10.530753968253967,85.43,1.11,8
467182,Alberta,Edmonton,female,Bachelor,Rural,96263.0,Married,Star,2016-12-25,2021-10-22,4160.02,Standard,3,1,220,349729,1589.68,0.23,0.04,66,1,31,24,21,38,26,13,39,10,17,0,0,73,81,10.61,10.96,34.42942063492064,18.91,0.3,58
260106,Manitoba,Winnipeg,female,Bachelor,Rural,77853.0,Single,Star,2016-06-22,2020-04-30,4228.25,Standard,3,1,36,106807,2966.86,0.53,0.0,17,6,0,28,2,0,0,0,0,0,0,0,0,19,0,11.76,-100.0,11.11856349206349,117.45,0.0,46
397518,Saskatchewan,Regina,male,Bachelor,Rural,60334.0,Married,Star,2021-01-31,2021-09-30,4235.18,Standard,3,1,56,97405,1739.38,0.46,0.0,0,0,11,10,0,3,11,4,14,3,0,0,0,0,56,0.0,0.0,13.853968253968253,75.63,0.0,8
530105,Ontario,London,male,College,Suburban,0.0,Single,Star,2020-11-08,2021-07-08,4242.69,Standard,2,1,57,106739,1872.61,0.3,0.09,3,3,8,1,5,14,20,0,0,0,0,0,6,3,51,0.0,1600.0,17.771071428571428,74.43,0.42,8
398535,Quebec,Tremblant,female,College,Suburban,0.0,Single,Star,2021-04-10,2021-12-10,4250.28,2021 Promotion,2,1,33,62724,1900.73,0.52,0.1,0,0,0,0,0,0,0,0,12,0,5,0,16,0,33,0.0,0.0,11.278571428571428,128.8,0.7,8
602176,Quebec,Quebec City,female,Bachelor,Urban,60475.0,Married,Star,2019-08-20,2021-05-17,4330.39,Standard,3,1,129,326493,2530.95,0.31,0.04,49,0,7,28,4,16,2,25,0,15,11,21,0,54,26,10.2,-51.85,19.226634920634922,33.57,0.34,21
258358,Quebec,Montreal,female,College,Suburban,0.0,Single,Star,2019-07-25,2020-03-25,4363.2,Standard,2,1,48,35154,732.38,0.08,0.0,22,0,19,28,0,0,0,0,0,0,0,0,0,25,0,13.64,-100.0,15.016468253968254,90.9,0.0,8
474174,Ontario,Sudbury,female,Doctor,Urban,23566.0,Married,Star,2018-11-06,2021-01-25,4365.26,Standard,5,1,192,390416,2033.42,0.27,0.03,86,22,2,19,15,23,27,30,11,19,8,0,15,95,11,10.47,-88.42,26.738753968253963,22.74,0.36,27
274698,British Columbia,Vancouver,male,Bachelor,Rural,34549.0,Married,Star,2016-09-22,2021-03-25,4434.41,Standard,3,1,173,323064,1867.42,0.06,0.0,74,17,11,37,0,27,27,30,4,4,17,0,0,82,17,10.81,-79.27,32.73542857142856,25.63,0.0,54
296412,Ontario,Ottawa,male,Bachelor,Rural,91967.0,Married,Star,2021-04-03,2021-05-12,4533.73,2021 Promotion,3,1,9,4796,532.89,0.0,0.0,0,0,0,0,0,9,0,0,0,0,0,0,0,0,9,0.0,0.0,2.250000000000001,503.75,0.0,1
326561,British Columbia,Vancouver,female,Bachelor,Rural,85140.0,Single,Star,2018-01-20,2020-05-25,4554.56,Standard,3,1,66,118621,1797.29,0.2,0.0,32,11,23,6,23,4,0,0,0,0,0,0,0,35,0,9.38,-100.0,13.91799206349207,69.01,0.0,28
313837,Ontario,Toronto,male,College,Urban,0.0,Single,Star,2021-03-06,2021-11-06,4556.59,2021 Promotion,2,1,41,65356,1594.05,0.68,0.0,0,0,0,0,0,12,1,0,11,0,11,6,0,0,41,0.0,0.0,10.751587301587303,111.14,0.0,8
685792,British Columbia,Vancouver,female,Bachelor,Suburban,39187.0,Divorced,Star,2019-07-12,2020-09-09,4563.02,Standard,3,1,59,175921,2981.71,0.47,0.0,28,11,0,0,6,17,8,13,0,4,0,0,0,31,0,10.71,-100.0,7.330944444444445,77.34,0.0,14
947123,Quebec,Tremblant,female,Bachelor,Urban,32906.0,Single,Star,2020-11-18,2021-04-23,4574.92,Standard,3,1,28,38800,1385.71,0.39,0.11,0,8,0,10,10,0,0,0,0,0,0,0,0,0,28,0.0,0.0,6.92063492063492,163.39,1.07,5
413445,Quebec,Montreal,female,Bachelor,Urban,49558.0,Divorced,Star,2020-08-30,2021-04-30,4582.16,Standard,3,1,68,132660,1950.88,0.19,0.07,19,3,7,10,8,0,0,0,0,23,4,13,0,21,28,10.53,33.33,12.871515873015872,67.38,0.5,8
821379,British Columbia,Victoria,female,Bachelor,Urban,37308.0,Married,Star,2020-09-23,2021-05-23,4601.91,Standard,3,1,85,158752,1867.67,0.16,0.04,21,7,3,7,12,12,0,0,0,0,19,0,25,23,41,9.52,78.26,19.503134920634917,54.14,0.81,8
702493,British Columbia,Vancouver,male,College,Rural,0.0,Married,Star,2020-02-19,2020-10-19,4624.62,Standard,2,1,103,146532,1422.64,0.0,0.0,49,0,0,0,15,17,0,36,0,11,23,0,0,54,0,10.2,-100.0,27.121428571428574,44.9,0.0,8
401858,Ontario,Toronto,male,College,Suburban,0.0,Divorced,Star,2020-08-28,2021-04-28,4644.7,Standard,2,1,57,141017,2473.98,0.25,0.04,16,9,7,7,0,0,0,0,0,13,11,0,10,18,23,12.5,27.78,8.206158730158734,81.49,0.91,8
779435,Ontario,Toronto,female,College,Suburban,0.0,Single,Star,2021-03-19,2021-11-19,4645.84,2021 Promotion,2,1,40,119610,2990.25,0.2,0.0,0,0,0,0,4,3,0,5,9,11,8,0,0,0,40,0.0,0.0,7.75873015873016,116.15,0.0,8
437269,British Columbia,Vancouver,female,College,Suburban,0.0,Single,Star,2019-03-01,2021-01-19,4654.84,Standard,2,1,110,178559,1623.26,0.32,0.05,47,19,10,0,0,10,25,0,0,25,11,2,10,52,11,10.64,-78.85,17.987714285714283,42.32,0.58,23
723390,British Columbia,Vancouver,female,Bachelor,Suburban,30383.0,Divorced,Star,2016-01-21,2020-03-13,4655.21,Standard,3,1,19,16072,845.89,0.58,0.0,9,13,0,6,0,0,0,0,0,0,0,0,0,10,0,11.11,-100.0,2.7129206349206347,245.01,0.0,50
553567,Quebec,Tremblant,female,Bachelor,Urban,76157.0,Married,Star,2020-03-19,2020-11-19,4669.23,Standard,3,1,82,125094,1525.54,0.3,0.0,39,0,0,0,10,0,27,6,0,4,19,17,0,43,0,10.26,-100.0,16.16389682539682,56.94,0.0,8
715668,Ontario,Ottawa,female,High School or Below,Rural,26411.0,Married,Star,2020-09-07,2020-10-31,4698.35,Standard,1,1,15,6162,410.8,0.4,0.0,7,0,0,0,0,0,0,0,0,0,15,0,0,8,0,14.29,-100.0,3.1263492063492064,313.22,0.0,2
873180,British Columbia,Vancouver,male,Doctor,Suburban,11417.0,Married,Star,2020-12-10,2021-08-10,4700.01,Standard,5,1,41,110322,2690.78,0.54,0.05,0,5,5,0,0,0,16,9,6,0,0,0,0,0,41,0.0,0.0,10.751587301587302,114.63,0.93,8
673061,Ontario,Toronto,female,College,Urban,0.0,Single,Star,2019-09-30,2020-05-30,4706.68,Standard,2,1,49,111855,2282.76,0.31,0.0,23,10,15,0,0,25,0,0,0,0,0,0,0,26,0,13.04,-100.0,11.405492063492066,96.05,0.0,8
264064,Saskatchewan,Regina,male,College,Urban,0.0,Married,Star,2020-07-21,2021-03-21,4715.47,Standard,2,1,87,160874,1849.13,0.15,0.0,35,5,8,0,0,0,0,0,23,4,23,0,25,39,13,11.43,-66.67,20.36218253968254,54.2,0.0,8
275387,British Columbia,Vancouver,female,Bachelor,Suburban,55385.0,Single,Star,2021-03-15,2021-11-15,4732.22,2021 Promotion,3,1,40,108483,2712.08,0.42,0.0,0,0,0,0,0,3,5,5,11,9,0,7,0,0,40,0.0,0.0,7.587301587301587,118.31,0.0,8
555112,Quebec,Montreal,female,College,Rural,0.0,Single,Star,2016-11-18,2020-08-26,4740.2,Standard,2,1,53,144343,2723.45,0.15,0.0,25,0,2,25,0,6,0,4,17,0,0,0,0,28,0,12.0,-100.0,11.406349206349205,89.44,0.0,45
726732,Manitoba,Winnipeg,male,College,Rural,0.0,Single,Star,2018-06-25,2020-11-22,4740.2,Standard,2,1,146,283343,1940.71,0.18,0.05,69,11,15,0,19,2,19,30,30,0,4,15,0,77,0,11.59,-100.0,28.57323015873016,32.47,0.37,29
251116,Quebec,Montreal,male,Bachelor,Rural,70432.0,Married,Star,2017-07-09,2020-01-09,4766.65,Standard,3,1,6,1495,249.17,1.0,0.0,3,6,0,0,0,0,0,0,0,0,0,0,0,3,0,0.0,-100.0,0.4396428571428572,794.44,0.0,30
368292,Alberta,Edmonton,female,College,Urban,0.0,Married,Star,2019-11-01,2020-02-01,4770.26,Standard,2,1,15,64564,4304.27,0.0,0.0,7,2,13,0,0,0,0,0,0,0,0,0,0,8,0,14.29,-100.0,2.4023492063492062,318.02,0.0,3
532925,Ontario,Sudbury,male,Bachelor,Suburban,27725.0,Married,Star,2019-12-15,2020-08-15,4773.66,Standard,3,1,162,176934,1092.19,0.15,0.06,76,21,21,28,0,25,30,17,19,0,0,0,0,85,0,11.84,-100.0,34.78923015873015,29.47,0.47,8
436087,Quebec,Montreal,male,Bachelor,Rural,45515.0,Married,Star,2021-04-16,2021-08-17,4786.89,2021 Promotion,3,1,54,115495,2138.8,0.24,0.05,0,0,0,0,0,6,14,16,18,0,0,0,0,0,54,0.0,0.0,20.885714285714286,88.65,0.79,4
471460,British Columbia,Whistler,female,Bachelor,Suburban,45515.0,Married,Star,2021-04-17,2021-12-17,4786.89,2021 Promotion,3,1,62,95951,1547.6,0.18,0.0,0,0,0,0,0,3,9,14,18,10,7,0,1,0,62,0.0,0.0,18.66349206349206,77.21,0.0,8
277356,British Columbia,Vancouver,female,College,Suburban,0.0,Divorced,Star,2020-02-10,2020-10-10,4830.91,Standard,2,1,49,167895,3426.43,0.55,0.0,23,0,0,10,13,13,2,0,0,0,11,0,0,26,0,13.04,-100.0,6.337492063492064,98.59,0.0,8
936723,British Columbia,Victoria,male,College,Rural,0.0,Single,Star,2020-02-23,2020-10-23,4832.12,Standard,2,1,142,266604,1877.49,0.37,0.0,68,0,0,30,4,19,13,0,27,28,21,0,0,75,0,10.29,-100.0,33.064214285714286,34.03,0.0,8
965066,Ontario,Toronto,male,Bachelor,Urban,73769.0,Married,Star,2020-12-25,2021-08-25,4838.21,Standard,3,1,60,86252,1437.53,0.13,0.0,0,10,10,9,0,15,14,0,2,0,0,0,0,0,60,0.0,0.0,17.31428571428571,80.64,0.0,8
110142,British Columbia,Vancouver,male,College,Rural,0.0,Single,Star,2021-02-22,2021-10-22,4866.65,2021 Promotion,2,1,76,108442,1426.87,0.39,0.02,0,0,0,15,1,7,16,17,14,0,6,0,0,0,76,0.0,0.0,25.47301587301587,64.03,1.94,8
306288,Ontario,Toronto,female,Bachelor,Rural,21709.0,Married,Star,2016-11-05,2021-01-23,4892.44,Standard,3,1,155,298626,1926.62,0.22,0.0,72,24,19,0,15,0,23,32,8,15,8,0,11,80,3,11.11,-96.25,25.146825396825395,31.56,0.0,51
285738,British Columbia,Vancouver,female,Bachelor,Suburban,36428.0,Divorced,Star,2019-09-27,2020-05-27,4896.56,Standard,3,1,89,102841,1155.52,0.17,0.0,42,8,13,21,19,28,0,0,0,0,0,0,0,47,0,11.9,-100.0,20.097039682539684,55.02,0.0,8
982608,British Columbia,Vancouver,male,College,Suburban,0.0,Single,Star,2019-09-26,2020-05-26,4921.75,Standard,2,1,61,135390,2219.51,0.34,0.1,29,2,13,13,19,13,0,0,0,0,0,0,0,32,0,10.34,-100.0,9.891301587301587,80.68,0.38,8
788460,Ontario,Toronto,male,Bachelor,Suburban,70412.0,Married,Star,2019-05-19,2021-02-16,4930.95,Standard,3,1,162,184422,1138.41,0.21,0.07,68,22,22,19,23,0,0,36,17,0,0,10,13,75,20,10.29,-73.33,28.512658730158734,30.44,0.37,21
750776,Ontario,Trenton,male,Bachelor,Suburban,29560.0,Married,Star,2020-05-20,2021-01-20,4935.19,Standard,3,1,61,104650,1715.57,0.03,0.03,25,8,0,0,0,0,23,0,0,0,0,0,30,28,8,12.0,-71.43,19.54171428571429,80.9,1.4,8
936612,Quebec,Montreal,male,Bachelor,Urban,76283.0,Married,Aurora,2020-01-31,2020-09-30,4938.21,Standard,3,3,120,276731,2306.09,0.08,0.04,57,0,13,11,13,23,11,32,6,10,0,0,0,63,0,10.53,-100.0,21.57050000000001,41.15,0.5,8
101876,Quebec,Quebec City,male,College,Rural,0.0,Single,Aurora,2020-10-31,2021-06-30,4949.53,Standard,2,3,59,139230,2359.83,0.29,0.07,17,3,0,0,0,3,17,0,0,0,0,21,15,19,23,11.76,21.05,15.5665,83.89,0.51,8
919922,Ontario,Sudbury,female,College,Urban,0.0,Divorced,Aurora,2020-08-16,2021-04-16,4957.16,Standard,2,3,71,134806,1898.68,0.14,0.0,19,3,9,10,9,0,0,0,0,23,0,17,0,21,31,10.53,47.62,15.389039682539686,69.82,0.0,8
307233,New Brunswick,Moncton,male,College,Rural,0.0,Single,Aurora,2019-03-26,2021-11-23,4965.49,Standard,2,3,254,434349,1710.04,0.37,0.02,86,29,10,2,8,29,55,28,9,32,2,32,19,96,72,11.63,-25.0,37.56742857142857,19.55,0.49,32
809728,Ontario,Toronto,female,Doctor,Rural,19589.0,Married,Aurora,2021-01-31,2021-09-30,4987.64,Standard,5,3,42,117917,2807.55,0.02,0.04,0,0,3,0,11,5,6,4,13,0,0,0,0,0,42,0.0,0.0,9.342857142857143,118.75,1.04,8
189146,Quebec,Montreal,female,Bachelor,Suburban,49414.0,Single,Aurora,2020-05-10,2021-01-10,4999.35,Standard,3,3,106,187938,1773.0,0.25,0.11,50,0,0,0,0,0,23,0,17,17,21,25,4,56,0,12.0,-100.0,22.04368253968254,47.16,0.24,8
917352,Quebec,Montreal,female,Bachelor,Urban,43723.0,Married,Aurora,2020-07-21,2021-09-22,5000.62,Standard,3,3,82,253772,3094.78,0.15,0.0,12,3,5,11,9,1,0,13,5,14,21,0,0,13,57,8.33,338.46,16.33818253968254,60.98,0.0,14
111646,Ontario,Toronto,female,Bachelor,Rural,48567.0,Single,Aurora,2017-11-17,2021-01-14,5015.01,Standard,3,3,153,184759,1207.58,0.39,0.07,72,1,8,23,0,6,38,17,0,21,19,21,0,80,1,11.11,-98.75,32.750571428571426,32.78,0.37,38
410460,Ontario,Toronto,female,Bachelor,Rural,34452.0,Married,Aurora,2020-01-12,2020-09-12,5048.05,Standard,3,3,112,210343,1878.06,0.34,0.04,53,0,6,15,21,21,17,0,15,17,0,0,0,59,0,11.32,-100.0,18.004087301587308,45.07,0.6,8
259634,British Columbia,Whistler,male,Bachelor,Rural,23840.0,Married,Aurora,2016-05-11,2021-05-26,5070.35,Standard,3,3,139,403067,2899.76,0.39,0.0,61,9,3,0,19,27,11,25,13,15,4,13,0,68,10,11.48,-85.29,20.823999999999998,36.48,0.0,60
468542,British Columbia,Vancouver,male,Bachelor,Suburban,76448.0,Married,Aurora,2021-04-18,2021-12-18,5111.3,2021 Promotion,3,3,24,28755,1198.12,0.17,0.0,0,0,0,0,0,0,0,0,5,11,8,0,0,0,24,0.0,0.0,5.542857142857143,212.97,0.0,8
837646,Ontario,Toronto,female,College,Rural,0.0,Single,Aurora,2017-03-15,2021-04-13,5121.56,Standard,2,3,85,292493,3441.09,0.21,0.03,30,24,10,6,11,6,0,15,0,0,0,6,8,33,22,10.0,-33.33,13.629420634920638,60.25,0.64,49
748286,Quebec,Montreal,male,College,Urban,0.0,Single,Aurora,2019-11-15,2020-07-15,5153.92,Standard,2,3,127,96799,762.2,0.27,0.27,60,23,19,28,0,0,25,32,0,0,0,0,0,67,0,11.67,-100.0,35.07780158730158,40.58,0.2,8
182587,Ontario,Toronto,male,College,Urban,0.0,Single,Aurora,2017-01-06,2020-12-30,5156.07,Standard,2,3,171,297154,1737.74,0.42,0.05,81,0,11,0,25,28,2,13,34,10,23,15,10,90,0,11.11,-100.0,31.713428571428565,30.15,0.32,48
818391,Quebec,Hull,female,Bachelor,Suburban,43906.0,Divorced,Aurora,2021-07-18,2021-12-29,5157.05,Standard,3,3,38,56617,1489.92,0.03,0.09,0,0,0,0,0,0,0,0,17,5,13,0,3,0,38,0.0,0.0,12.911111111111111,135.71,1.06,5
613925,Quebec,Montreal,female,Bachelor,Urban,83527.0,Married,Aurora,2020-03-04,2020-11-04,5182.94,Standard,3,3,76,86826,1142.45,0.14,0.0,36,0,0,0,0,28,0,0,30,17,0,0,0,40,0,11.11,-100.0,24.479301587301592,68.2,0.0,8
653304,Ontario,Toronto,female,Bachelor,Rural,49312.0,Married,Aurora,2021-02-06,2021-10-06,5184.95,2021 Promotion,3,3,30,69715,2323.83,0.2,0.08,0,0,0,0,3,3,18,0,0,0,6,0,0,0,30,0.0,0.0,10.085714285714285,172.83,0.89,8
400478,Ontario,Thunder Bay,female,Bachelor,Rural,80521.0,Single,Aurora,2020-07-20,2020-12-26,5187.65,Standard,3,3,57,94390,1655.96,0.23,0.0,27,0,0,0,0,0,0,0,8,25,19,0,6,30,0,11.11,-100.0,12.625428571428571,91.01,0.0,5
359188,Quebec,Montreal,female,Bachelor,Urban,85721.0,Married,Aurora,2020-04-27,2020-08-18,5218.34,Standard,3,3,55,55647,1011.76,0.24,0.0,26,0,0,0,0,19,13,13,10,0,0,0,0,29,0,11.54,-100.0,9.122753968253969,94.88,0.0,4
627107,Ontario,Toronto,male,College,Suburban,0.0,Married,Aurora,2019-05-11,2020-01-11,5220.28,Standard,2,3,17,21844,1284.94,0.0,0.0,8,17,0,0,0,0,0,0,0,0,0,0,0,9,0,12.5,-100.0,3.9567857142857137,307.08,0.0,8
650290,Manitoba,Winnipeg,male,High School or Below,Rural,26540.0,Divorced,Aurora,2016-01-16,2020-11-28,5229.68,Standard,1,3,112,201854,1802.27,0.24,0.03,53,15,6,0,11,0,2,13,27,4,19,15,0,59,0,11.32,-100.0,17.073230158730166,46.69,0.74,58
430712,Ontario,Toronto,male,Bachelor,Urban,69231.0,Married,Aurora,2020-11-24,2021-07-24,5233.95,Standard,3,3,46,110172,2395.04,0.13,0.04,3,6,11,2,8,0,10,3,0,0,0,0,6,3,40,0.0,1233.33,8.350753968253972,113.78,1.29,8
161373,Ontario,Toronto,male,Bachelor,Suburban,36615.0,Married,Aurora,2020-04-08,2020-12-08,5243.83,Standard,3,3,65,137452,2114.65,0.17,0.05,31,0,0,0,0,0,17,30,11,0,0,6,0,34,0,9.68,-100.0,16.442825396825395,80.67,0.76,8
391357,British Columbia,West Vancouver,female,Bachelor,Urban,28909.0,Married,Aurora,2020-05-01,2021-01-01,5246.28,Standard,3,3,104,142284,1368.12,0.31,0.0,45,9,0,0,0,13,11,13,30,10,0,17,0,50,9,11.11,-82.0,19.38044444444444,50.44,0.0,8
328173,British Columbia,Vancouver,female,College,Rural,0.0,Single,Aurora,2016-03-16,2021-07-11,5247.85,Standard,2,3,160,343977,2149.86,0.36,0.01,56,6,13,13,26,24,11,36,10,0,0,21,0,62,42,10.71,-32.26,28.292730158730155,32.8,1.56,64
483747,Quebec,Hull,female,Bachelor,Rural,44536.0,Single,Aurora,2019-11-25,2020-07-25,5255.58,Standard,3,3,116,133787,1153.34,0.13,0.05,55,17,21,25,10,15,11,17,0,0,0,0,0,61,0,10.91,-100.0,19.178182539682542,45.31,0.73,8
727053,Quebec,Montreal,female,Bachelor,Rural,60260.0,Married,Aurora,2020-06-30,2021-02-28,5272.7,Standard,3,3,71,268279,3778.58,0.35,0.06,30,5,3,0,0,0,0,13,6,15,11,10,8,33,8,10.0,-75.76,7.295515873015873,74.26,0.32,8
113316,British Columbia,Whistler,male,Bachelor,Suburban,38606.0,Single,Aurora,2020-12-06,2021-08-06,5282.54,Standard,3,3,53,129609,2445.45,0.49,0.04,0,1,1,11,10,15,0,7,8,0,0,0,0,0,53,0.0,0.0,13.79920634920635,99.67,1.15,8
638754,British Columbia,Vancouver,female,Bachelor,Urban,41336.0,Divorced,Aurora,2020-02-13,2020-03-24,5350.21,Standard,3,3,6,6048,1008.0,0.33,0.0,3,0,0,6,0,0,0,0,0,0,0,0,0,3,0,0.0,-100.0,0.4396428571428572,891.7,0.0,1
906564,Quebec,Montreal,female,College,Urban,0.0,Single,Aurora,2016-11-26,2020-07-28,5357.76,Standard,2,3,38,118879,3128.39,0.05,0.0,18,21,0,0,6,0,0,11,0,0,0,0,0,20,0,11.11,-100.0,7.438539682539683,140.99,0.0,44
612650,Ontario,Toronto,female,College,Rural,0.0,Single,Aurora,2017-02-10,2020-09-11,5375.66,Standard,2,3,135,266720,1975.7,0.17,0.02,64,11,17,0,8,25,0,21,32,21,0,0,0,71,0,10.94,-100.0,28.635134920634925,39.82,1.17,43
343978,Ontario,Toronto,male,Bachelor,Urban,69050.0,Married,Aurora,2019-11-11,2020-07-11,5375.84,Standard,3,3,97,152849,1575.76,0.39,0.06,46,2,2,21,19,21,28,4,0,0,0,0,0,51,0,10.87,-100.0,22.180214285714285,55.42,0.57,8
252147,Quebec,Tremblant,male,Bachelor,Rural,30514.0,Single,Aurora,2021-04-27,2021-12-27,5384.02,2021 Promotion,3,3,46,93042,2022.65,0.54,0.0,0,0,0,0,0,12,14,0,0,0,7,0,13,0,46,0.0,0.0,14.263492063492064,117.04,0.0,8
535525,Quebec,Montreal,male,Bachelor,Urban,59364.0,Married,Aurora,2020-08-11,2021-04-11,5384.53,Standard,3,3,93,192989,2075.15,0.17,0.0,38,6,4,0,3,0,0,0,0,10,17,25,28,42,13,10.53,-69.05,20.76520634920635,57.9,0.0,8
386082,Alberta,Edmonton,female,Bachelor,Rural,41662.0,Divorced,Aurora,2021-03-22,2021-11-22,5391.97,2021 Promotion,3,3,41,98044,2391.32,0.39,0.0,0,0,0,0,2,0,0,13,16,5,0,5,0,0,41,0.0,0.0,12.351587301587303,131.51,0.0,8
334273,New Brunswick,Fredericton,female,Bachelor,Suburban,21881.0,Married,Aurora,2019-11-16,2021-08-27,5420.34,Standard,3,3,190,317038,1668.62,0.32,0.08,76,3,13,3,20,0,51,23,27,0,21,25,4,85,28,11.84,-67.06,36.36637301587301,28.53,0.23,21
308629,Ontario,Toronto,female,College,Urban,0.0,Married,Aurora,2019-01-26,2021-06-07,5426.14,Standard,2,3,160,348723,2179.52,0.31,0.0,58,24,8,0,9,21,18,34,4,19,0,0,23,64,38,10.34,-40.62,35.53657142857143,33.91,0.0,28
564141,Ontario,Toronto,male,College,Suburban,0.0,Single,Aurora,2017-01-15,2021-09-25,5435.77,Standard,2,3,175,343080,1960.46,0.14,0.0,51,0,0,20,16,10,24,35,19,4,8,19,21,57,67,11.76,17.54,21.561611111111112,31.06,0.0,56
405739,New Brunswick,Fredericton,male,College,Rural,0.0,Married,Aurora,2016-08-18,2020-12-06,5447.81,Standard,2,3,160,321427,2008.92,0.3,0.13,76,21,10,6,0,4,32,25,17,8,15,2,21,84,0,10.53,-100.0,26.326857142857147,34.05,0.13,52
107519,Quebec,Hull,female,Bachelor,Rural,54507.0,Married,Aurora,2021-02-06,2021-10-06,5470.06,2021 Promotion,3,3,76,167996,2210.47,0.22,0.02,0,0,0,3,13,14,1,13,11,11,10,0,0,0,76,0.0,0.0,20.73015873015873,71.97,1.35,8
636745,Alberta,Calgary,female,Bachelor,Suburban,78879.0,Married,Aurora,2018-11-19,2020-02-19,5509.9,Standard,3,3,4,16473,4118.25,1.0,0.0,2,0,4,0,0,0,0,0,0,0,0,0,0,2,0,0.0,-100.0,0.19539682539682537,1377.48,0.0,15
957276,Ontario,Toronto,male,Bachelor,Urban,50648.0,Married,Aurora,2018-07-07,2020-11-20,5531.63,Standard,3,3,186,242307,1302.73,0.3,0.1,88,21,13,21,23,0,28,15,25,19,0,21,0,98,0,11.36,-100.0,30.093492063492068,29.74,0.24,28
343425,British Columbia,Vancouver,male,Bachelor,Rural,91212.0,Married,Aurora,2019-01-29,2020-04-02,5532.75,Standard,3,3,57,104878,1839.96,0.23,0.06,27,11,2,27,17,0,0,0,0,0,0,0,0,30,0,11.11,-100.0,13.659714285714285,97.07,0.9,14
955567,Ontario,London,female,Bachelor,Urban,33255.0,Married,Aurora,2021-01-23,2021-09-23,5553.19,Standard,3,3,27,74717,2767.3,0.26,0.0,0,0,5,8,1,1,0,0,1,11,0,0,0,0,27,0.0,0.0,5.507142857142856,205.67,0.0,8
845947,British Columbia,Vancouver,female,Bachelor,Urban,74015.0,Single,Aurora,2020-12-12,2021-08-12,5555.83,Standard,3,3,70,150349,2147.84,0.47,0.06,0,4,11,2,6,6,19,14,8,0,0,0,0,0,70,0.0,0.0,19.93968253968254,79.37,0.57,8
958026,Ontario,Toronto,male,Bachelor,Suburban,92678.0,Divorced,Aurora,2020-06-16,2021-07-03,5561.29,Standard,3,3,97,236604,2439.22,0.33,0.03,23,6,0,8,0,7,11,35,10,0,4,4,13,26,48,13.04,84.62,16.911396825396828,57.33,0.94,13
665373,British Columbia,Vancouver,male,Bachelor,Suburban,49833.0,Married,Aurora,2019-09-23,2020-05-23,5564.74,Standard,3,3,65,66700,1026.15,0.0,0.0,31,25,8,0,8,25,0,0,0,0,0,0,0,34,0,9.68,-100.0,15.822253968253962,85.61,0.0,8
670289,Ontario,Toronto,female,Bachelor,Suburban,53565.0,Married,Aurora,2020-12-30,2021-08-30,5569.46,Standard,3,3,33,94845,2874.09,0.24,0.0,0,7,3,0,3,1,10,0,9,0,0,0,0,0,33,0.0,0.0,6.250000000000001,168.77,0.0,8
306965,British Columbia,Whistler,female,Bachelor,Suburban,94161.0,Married,Aurora,2016-06-03,2021-10-22,5586.89,Standard,3,3,165,345861,2096.13,0.18,0.04,50,0,8,11,10,0,5,43,20,14,29,17,10,56,59,12.0,5.36,26.419396825396827,33.86,0.42,65
476080,British Columbia,Vancouver,female,Bachelor,Urban,37995.0,Married,Aurora,2019-07-30,2020-05-20,5597.12,Standard,3,3,66,75825,1148.86,0.15,0.11,32,0,11,27,15,13,0,0,0,0,0,0,0,35,0,9.38,-100.0,14.331706349206348,84.8,0.65,10
614787,British Columbia,Vancouver,male,Bachelor,Urban,39469.0,Divorced,Aurora,2017-10-06,2020-01-15,5641.36,Standard,3,3,21,32842,1563.9,0.1,0.0,10,21,0,0,0,0,0,0,0,0,0,0,0,11,0,10.0,-100.0,5.910753968253968,268.64,0.0,27
408091,Ontario,Toronto,male,College,Urban,0.0,Married,Aurora,2019-10-22,2020-06-22,5657.03,Standard,2,3,114,135242,1186.33,0.02,0.05,54,8,11,28,15,25,27,0,0,0,0,0,0,60,0,11.11,-100.0,26.196,49.62,0.81,8
372961,British Columbia,Vancouver,male,Bachelor,Rural,69387.0,Married,Aurora,2019-03-13,2020-05-03,5659.24,Standard,3,3,49,133336,2721.14,0.16,0.06,23,4,17,4,0,25,0,0,0,0,0,0,0,26,0,13.04,-100.0,11.405492063492064,115.49,0.66,14
691332,Quebec,Montreal,male,Bachelor,Rural,77646.0,Married,Aurora,2021-04-04,2021-12-04,5723.54,2021 Promotion,3,3,33,47013,1424.64,0.36,0.09,0,0,0,0,0,5,0,15,3,0,8,2,0,0,33,0.0,0.0,8.478571428571428,173.44,1.3,8
633734,Manitoba,Winnipeg,male,Bachelor,Rural,29730.0,Married,Aurora,2020-07-18,2021-03-18,5728.58,Standard,3,3,111,150631,1357.04,0.4,0.0,50,2,0,3,0,0,0,0,32,21,0,21,32,56,5,12.0,-91.07,32.92796825396824,51.61,0.0,8
733226,British Columbia,Vancouver,male,Bachelor,Suburban,34847.0,Married,Aurora,2020-05-04,2021-01-04,5754.75,Standard,3,3,99,211622,2137.6,0.3,0.04,47,0,0,0,0,0,38,15,0,0,13,11,21,52,0,10.64,-100.0,26.901396825396823,58.13,0.73,8
855153,Ontario,Ottawa,female,Bachelor,Rural,97657.0,Married,Aurora,2019-08-19,2020-04-19,5755.18,Standard,3,3,19,62662,3298.0,0.42,0.0,9,8,11,0,0,0,0,0,0,0,0,0,0,10,0,11.11,-100.0,2.4026349206349207,302.9,0.0,8
745600,Ontario,Toronto,male,Bachelor,Rural,92509.0,Married,Aurora,2017-04-17,2021-04-01,5768.83,Standard,3,3,174,288303,1656.91,0.38,0.02,76,11,15,8,4,21,28,0,8,25,23,0,32,85,13,11.84,-84.71,31.88942063492064,33.15,0.85,47
630290,Alberta,Edmonton,male,College,Suburban,0.0,Married,Aurora,2020-02-14,2020-09-17,5802.84,Standard,2,3,87,190350,2187.93,0.51,0.0,41,0,0,8,10,21,25,0,11,13,0,0,0,46,0,12.2,-100.0,15.450634920634919,66.7,0.0,7
171902,Ontario,Toronto,male,Bachelor,Suburban,62447.0,Single,Aurora,2020-07-03,2021-03-03,5807.66,Standard,3,3,73,153388,2101.21,0.33,0.0,28,7,6,1,0,0,0,0,15,4,15,25,0,31,14,10.71,-54.84,13.805357142857142,79.56,0.0,8
173666,British Columbia,Victoria,male,Bachelor,Suburban,73976.0,Divorced,Aurora,2019-06-22,2021-08-15,5824.22,Standard,3,3,118,237184,2010.03,0.2,0.02,42,10,0,0,29,5,23,2,16,0,13,11,10,47,29,11.9,-38.3,19.939515873015868,49.36,1.33,26
243294,Quebec,Montreal,male,Bachelor,Urban,45794.0,Married,Aurora,2021-01-23,2021-12-24,5827.48,Standard,3,3,69,158848,2302.14,0.17,0.0,0,0,0,10,0,14,0,0,14,13,4,11,3,0,69,0.0,0.0,19.278571428571432,84.46,0.0,11
389996,British Columbia,Vancouver,female,Bachelor,Rural,67511.0,Married,Aurora,2018-02-06,2020-09-30,5849.49,Standard,3,3,137,167301,1221.18,0.2,0.0,65,19,0,13,19,25,36,13,11,0,0,0,0,72,0,10.77,-100.0,29.828571428571422,42.7,0.0,32
171582,Ontario,Kingston,male,Bachelor,Urban,55393.0,Married,Aurora,2020-10-16,2021-06-16,5903.61,Standard,3,3,60,102553,1709.22,0.23,0.0,7,10,9,9,0,1,16,0,0,0,0,0,15,8,45,14.29,462.5,15.262063492063492,98.39,0.0,8
857912,Nova Scotia,Halifax,male,Master,Rural,23091.0,Married,Aurora,2021-02-26,2021-10-26,5926.73,2021 Promotion,4,3,46,77350,1681.52,0.26,0.0,0,0,0,0,9,2,18,0,7,10,0,0,0,0,46,0.0,0.0,14.263492063492064,128.84,0.0,8
478566,Alberta,Banff,male,Bachelor,Suburban,40531.0,Married,Aurora,2019-07-22,2020-03-22,5928.75,Standard,3,3,17,34992,2058.35,0.47,0.0,8,0,2,15,0,0,0,0,0,0,0,0,0,9,0,12.5,-100.0,3.129357142857143,348.75,0.0,8
713981,Quebec,Montreal,male,College,Suburban,0.0,Single,Aurora,2019-12-19,2020-10-13,6117.03,Standard,2,3,139,267626,1925.37,0.32,0.0,66,0,17,19,4,10,25,21,30,10,4,0,0,73,0,10.61,-100.0,25.327706349206352,44.01,0.0,10
519766,Quebec,Hull,female,Bachelor,Rural,47669.0,Married,Aurora,2016-08-12,2021-03-13,6278.76,Standard,3,3,127,231680,1824.25,0.22,0.03,55,22,0,6,2,0,0,40,25,6,21,2,4,61,11,10.91,-81.97,31.729928571428577,49.44,0.8,55
489501,New Brunswick,Moncton,male,Bachelor,Rural,66947.0,Married,Aurora,2019-06-06,2020-01-23,6314.49,Standard,3,3,8,30972,3871.5,0.0,0.0,4,8,0,0,0,0,0,0,0,0,0,0,0,4,0,0.0,-100.0,0.7815873015873016,789.31,0.0,8
967300,Alberta,Edmonton,male,Bachelor,Urban,41986.0,Single,Aurora,2021-03-25,2021-11-25,6364.9,2021 Promotion,3,3,28,69571,2484.68,0.32,0.06,0,0,0,0,0,9,18,0,0,0,0,1,0,0,28,0.0,0.0,10.97777777777778,227.32,1.46,8
979449,Ontario,Sudbury,male,Bachelor,Suburban,44368.0,Married,Aurora,2018-02-03,2020-12-06,6366.23,Standard,3,3,148,253350,1711.82,0.31,0.12,70,0,17,25,13,6,0,10,23,25,11,19,0,78,0,11.43,-100.0,23.009428571428575,43.02,0.22,34
287979,British Columbia,Vancouver,male,High School or Below,Urban,13088.0,Married,Aurora,2020-04-13,2021-12-17,6411.12,Standard,1,3,136,241229,1773.74,0.07,0.04,40,0,7,0,1,21,17,19,7,17,12,20,16,45,51,12.5,13.33,21.439642857142854,47.14,0.66,20
474272,Quebec,Tremblant,male,Bachelor,Urban,60188.0,Married,Aurora,2016-01-29,2020-03-10,6508.76,Standard,3,3,19,33820,1780.0,0.0,0.0,9,0,19,0,0,0,0,0,0,0,0,0,0,10,0,11.11,-100.0,4.884920634920633,342.57,0.0,49
623222,Manitoba,Winnipeg,female,Bachelor,Rural,72608.0,Married,Aurora,2017-12-05,2021-07-17,6521.37,Standard,3,3,186,425302,2286.57,0.26,0.03,64,12,30,10,1,12,22,19,4,25,4,15,32,71,51,10.94,-28.17,30.186944444444446,35.06,0.53,43
616183,Quebec,Montreal,female,Bachelor,Urban,36060.0,Married,Aurora,2019-12-03,2020-08-03,6599.08,Standard,3,3,57,180633,3169.0,0.11,0.02,27,0,11,25,11,0,10,0,0,0,0,0,0,30,0,11.11,-100.0,11.177428571428571,115.77,1.5,8
744304,British Columbia,Vancouver,female,Bachelor,Suburban,82377.0,Married,Aurora,2016-08-09,2020-05-29,6627.15,Standard,3,3,34,50183,1475.97,0.29,0.0,16,6,19,0,10,0,0,0,0,0,0,0,0,18,0,12.5,-100.0,6.001428571428571,194.92,0.0,46
272551,British Columbia,Whistler,male,Bachelor,Urban,56531.0,Married,Aurora,2020-12-28,2021-08-28,6670.85,Standard,3,3,59,100887,1709.95,0.0,0.0,0,9,3,0,0,15,6,15,11,0,0,0,0,0,59,0.0,0.0,17.151587301587305,113.07,0.0,8
551961,Quebec,Montreal,male,College,Urban,0.0,Single,Aurora,2018-03-03,2020-01-29,6674.45,Standard,2,3,21,8713,414.9,0.0,0.0,10,21,0,0,0,0,0,0,0,0,0,0,0,11,0,10.0,-100.0,5.910753968253968,317.83,0.0,23
807970,Nova Scotia,Halifax,male,Bachelor,Urban,47137.0,Married,Aurora,2019-06-02,2020-02-02,6678.9,Standard,3,3,13,48081,3698.54,0.62,0.0,6,8,6,0,0,0,0,0,0,0,0,0,0,7,0,16.67,-100.0,1.1524682539682538,513.76,0.0,8
452684,British Columbia,Vancouver,female,College,Suburban,0.0,Divorced,Aurora,2020-08-17,2021-04-17,6707.99,Standard,2,3,47,139878,2976.13,0.23,0.0,18,1,0,8,0,0,0,0,0,11,21,0,6,20,9,11.11,-55.0,8.688539682539682,142.72,0.0,8
958941,British Columbia,Victoria,male,College,Rural,0.0,Married,Aurora,2021-02-14,2021-10-14,6714.07,2021 Promotion,2,3,36,58419,1622.75,0.25,0.14,0,0,0,15,2,0,2,0,12,5,0,0,0,0,36,0.0,0.0,10.457142857142856,186.5,0.82,8
319092,British Columbia,Whistler,male,College,Urban,0.0,Single,Aurora,2019-07-15,2020-03-15,6758.81,Standard,2,3,44,113764,2585.55,0.25,0.0,21,17,11,15,0,0,0,0,0,0,0,0,0,23,0,9.52,-100.0,7.84465873015873,153.61,0.0,8
451183,British Columbia,Vancouver,male,Bachelor,Urban,20046.0,Married,Aurora,2020-01-18,2020-09-18,6766.56,Standard,3,3,66,182210,2760.76,0.58,0.0,32,0,23,0,0,10,0,4,15,15,0,0,0,35,0,9.38,-100.0,12.056277777777785,102.52,0.0,8
659882,British Columbia,Vancouver,female,Bachelor,Rural,39650.0,Married,Aurora,2019-08-21,2021-05-06,6767.81,Standard,3,3,140,241816,1727.26,0.24,0.02,56,12,0,32,30,0,30,4,10,23,0,0,0,62,22,10.71,-64.52,31.528285714285722,48.34,1.18,20
428383,Ontario,Toronto,female,College,Suburban,0.0,Single,Aurora,2016-03-26,2020-03-08,6826.8,Standard,2,3,15,37821,2521.4,1.0,0.0,7,8,0,8,0,0,0,0,0,0,0,0,0,8,0,14.29,-100.0,1.4714920634920634,455.12,0.0,47
109612,Prince Edward Island,Charlottetown,female,College,Urban,0.0,Divorced,Aurora,2020-09-12,2021-08-04,6827.18,Standard,2,3,80,111148,1389.35,0.26,0.05,15,11,5,8,8,11,1,4,0,0,4,0,28,17,48,13.33,182.35,18.496468253968256,85.34,1.22,11
694021,Ontario,Toronto,male,College,Suburban,0.0,Married,Aurora,2021-03-11,2021-11-11,6847.59,2021 Promotion,2,3,42,97303,2316.74,0.4,0.0,0,0,0,0,2,0,7,5,17,0,11,0,0,0,42,0.0,0.0,12.542857142857143,163.04,0.0,8
353648,British Columbia,Victoria,female,College,Suburban,0.0,Single,Aurora,2020-02-16,2020-12-07,6857.52,Standard,2,3,89,99302,1115.75,0.52,0.08,42,0,0,28,0,11,17,0,0,0,11,21,0,47,0,11.9,-100.0,19.476468253968253,77.05,0.85,10
367685,British Columbia,Whistler,female,College,Suburban,0.0,Single,Aurora,2021-06-04,2021-09-25,6861.28,Standard,2,3,31,49547,1598.29,0.0,0.0,0,0,0,0,0,0,0,10,9,12,0,0,0,0,31,0.0,0.0,8.523015873015872,221.33,0.0,4
452279,British Columbia,Victoria,male,College,Rural,0.0,Single,Aurora,2020-03-03,2020-11-23,6893.17,Standard,2,3,95,105602,1111.6,0.06,0.05,45,0,0,0,23,2,0,32,0,0,25,13,0,50,0,11.11,-100.0,26.555015873015872,72.56,1.24,9
489549,Quebec,Quebec City,female,Bachelor,Rural,65337.0,Married,Aurora,2021-01-27,2021-09-27,6897.51,Standard,3,3,40,93714,2342.85,0.25,0.0,0,0,0,0,5,0,14,10,11,0,0,0,0,0,40,0.0,0.0,11.35873015873016,172.44,0.0,8
838553,British Columbia,Vancouver,male,Bachelor,Rural,53133.0,Single,Aurora,2020-07-15,2021-03-15,6938.87,Standard,3,3,35,62728,1792.23,0.34,0.17,10,11,0,3,0,0,0,0,10,0,11,0,0,11,14,10.0,27.27,5.902182539682541,198.25,0.64,8
384602,Ontario,Toronto,female,College,Urban,0.0,Married,Aurora,2018-04-10,2020-05-06,6941.9,Standard,2,3,66,94392,1430.18,0.09,0.11,32,2,11,25,23,6,0,0,0,0,0,0,0,35,0,9.38,-100.0,15.05570634920635,105.18,0.67,25
938482,Manitoba,Winnipeg,male,Bachelor,Rural,94652.0,Married,Aurora,2019-08-06,2020-09-19,6992.53,Standard,3,3,89,251608,2827.06,0.17,0.0,42,0,11,28,0,0,34,11,4,0,0,0,0,47,0,11.9,-100.0,25.992468253968255,78.57,0.0,13
307631,Ontario,Toronto,female,College,Urban,0.0,Single,Aurora,2020-01-28,2020-09-28,7076.65,Standard,2,3,78,265280,3401.03,0.17,0.04,37,0,0,25,19,0,21,0,13,0,0,0,0,41,0,10.81,-100.0,17.886373015873016,90.73,0.74,8
350059,British Columbia,Dawson Creek,female,College,Rural,0.0,Single,Aurora,2020-11-17,2021-07-17,7076.65,Standard,2,3,60,111882,1864.7,0.02,0.0,14,4,3,13,0,1,11,0,0,0,0,0,28,15,32,7.14,113.33,17.759325396825393,117.94,0.0,8
822727,Ontario,Trenton,female,College,Urban,0.0,Single,Aurora,2018-11-15,2021-06-06,7086.18,Standard,2,3,196,286993,1464.25,0.31,0.04,66,10,2,27,30,12,37,34,34,6,4,0,0,73,57,10.61,-21.92,41.15951587301587,36.15,0.63,31
390924,British Columbia,Vancouver,male,Doctor,Suburban,12062.0,Single,Aurora,2019-11-05,2020-07-05,7130.29,Standard,5,3,63,133931,2125.89,0.44,0.0,30,0,0,8,2,0,17,36,0,0,0,0,0,33,0,10.0,-100.0,20.616785714285715,113.18,0.0,8
483212,Ontario,Toronto,female,College,Rural,0.0,Single,Aurora,2019-06-04,2020-02-04,7163.54,Standard,2,3,4,38190,9547.5,0.0,0.0,2,2,2,0,0,0,0,0,0,0,0,0,0,2,0,0.0,-100.0,0.09196825396825396,1790.88,0.0,8
910492,Newfoundland,St. John's,male,College,Rural,0.0,Married,Aurora,2020-07-24,2021-03-24,7223.69,Standard,2,3,34,103852,3054.47,0.24,0.03,10,3,2,8,0,0,0,0,0,19,0,0,2,11,13,10.0,18.18,6.511071428571428,212.46,2.11,8
278539,Ontario,Toronto,female,Bachelor,Suburban,60969.0,Married,Aurora,2019-01-05,2021-07-14,7258.99,Standard,3,3,167,349348,2091.9,0.26,0.01,58,16,5,27,24,9,14,47,0,10,0,15,0,64,45,10.34,-29.69,27.27292063492063,43.47,1.66,30
588943,Ontario,Toronto,male,College,Rural,0.0,Married,Aurora,2021-01-02,2021-09-02,7281.44,Standard,2,3,26,48389,1861.12,0.08,0.0,0,0,4,0,7,0,1,14,0,0,0,0,0,0,26,0.0,0.0,6.9492063492063485,280.06,0.0,8
871627,British Columbia,West Vancouver,female,Bachelor,Suburban,44788.0,Married,Aurora,2020-11-20,2021-07-20,7285.03,Standard,3,3,66,87011,1318.35,0.45,0.0,14,9,0,3,2,10,0,12,0,0,0,0,30,16,36,14.29,125.0,19.396825396825403,110.38,0.0,8
847312,Newfoundland,St. John's,male,Bachelor,Suburban,30493.0,Married,Aurora,2021-03-21,2021-11-21,7316.65,2021 Promotion,3,3,19,83761,4408.47,0.42,0.11,0,0,0,0,3,0,0,0,2,7,0,7,0,0,19,0.0,0.0,2.884920634920635,385.09,0.83,8
618871,Quebec,Tremblant,female,College,Rural,0.0,Single,Aurora,2021-01-20,2021-09-20,7324.29,Standard,2,3,53,107942,2036.64,0.23,0.11,0,0,9,10,2,11,9,4,8,0,0,0,0,0,53,0.0,0.0,11.113492063492062,138.19,0.64,8
554888,Quebec,Montreal,male,Bachelor,Urban,88360.0,Divorced,Aurora,2020-03-03,2020-11-03,7437.51,Standard,3,3,97,190950,1968.56,0.22,0.0,46,0,0,0,0,13,8,13,32,21,0,10,0,51,0,10.87,-100.0,20.939071428571435,76.68,0.0,8
178157,Ontario,Toronto,female,College,Urban,0.0,Married,Aurora,2018-05-11,2020-08-15,7457.24,Standard,2,3,63,92135,1462.46,0.24,0.0,30,8,0,0,0,30,0,0,25,0,0,0,0,33,0,10.0,-100.0,19.685928571428573,118.37,0.0,27
438525,Alberta,Edmonton,female,College,Rural,0.0,Married,Aurora,2019-11-09,2020-07-09,7457.24,Standard,2,3,89,229039,2573.47,0.26,0.02,42,0,21,17,8,10,27,8,0,0,0,0,0,47,0,11.9,-100.0,17.201039682539676,83.79,1.69,8
726940,Ontario,Toronto,female,Bachelor,Suburban,61091.0,Single,Aurora,2020-04-16,2020-06-04,7496.01,Standard,3,3,2,24748,12374.0,1.0,0.0,1,0,0,0,0,2,0,0,0,0,0,0,0,1,0,0.0,-100.0,0.04884920634920635,3748.0,0.0,2
349108,British Columbia,Vancouver,male,Bachelor,Rural,60920.0,Single,Aurora,2017-11-22,2020-07-22,7507.46,Standard,3,3,89,249603,2804.53,0.26,0.0,42,6,8,10,4,30,32,0,0,0,0,0,0,47,0,11.9,-100.0,24.647896825396824,84.35,0.0,32
433300,Quebec,Montreal,male,Bachelor,Urban,96306.0,Divorced,Aurora,2020-10-13,2020-11-17,7519.13,Standard,3,3,11,17657,1605.18,0.0,0.0,5,0,0,0,0,0,0,0,0,0,0,11,0,6,0,20.0,-100.0,1.7585714285714285,683.56,0.0,1
488151,Manitoba,Winnipeg,male,College,Urban,0.0,Single,Aurora,2019-08-11,2020-05-20,7531.03,Standard,2,3,46,83497,1815.15,0.54,0.19,22,4,0,15,0,27,0,0,0,0,0,0,0,24,0,9.09,-100.0,12.002285714285717,163.72,0.48,9
883816,Ontario,Toronto,female,Bachelor,Suburban,31266.0,Married,Aurora,2019-11-19,2021-11-05,7546.61,Standard,3,3,194,395023,2036.2,0.24,0.03,64,3,0,15,21,19,11,28,30,13,27,2,25,71,59,10.94,-16.9,32.85265873015873,38.9,0.63,24
952573,Quebec,Montreal,male,Bachelor,Rural,76516.0,Married,Aurora,2020-09-17,2021-05-17,7588.36,Standard,3,3,22,82102,3731.91,0.55,0.0,6,1,0,0,7,1,0,0,0,0,0,13,0,7,9,16.67,28.57,3.596468253968254,344.93,0.0,8
786230,British Columbia,Dawson Creek,female,Bachelor,Urban,30262.0,Married,Aurora,2016-10-11,2020-02-01,7635.88,Standard,3,3,11,8073,733.91,0.73,0.0,5,0,11,0,0,0,0,0,0,0,0,0,0,6,0,20.0,-100.0,1.758571428571429,694.17,0.0,40
230687,British Columbia,Vancouver,male,College,Urban,0.0,Married,Aurora,2020-10-16,2021-06-16,7643.07,Standard,2,3,60,84144,1402.4,0.47,0.12,15,5,3,3,3,10,4,0,0,0,0,10,23,17,28,13.33,64.71,10.653928571428573,127.38,0.79,8
843919,British Columbia,Vancouver,male,Bachelor,Suburban,57446.0,Divorced,Aurora,2020-10-22,2021-06-22,7653.28,Standard,3,3,52,41584,799.69,0.0,0.0,9,0,7,12,0,0,14,0,0,0,0,19,0,10,33,11.11,230.0,14.139682539682543,147.18,0.0,8
240141,Quebec,Tremblant,female,Bachelor,Rural,66795.0,Married,Aurora,2020-07-27,2021-03-27,7680.75,Standard,3,3,67,159778,2384.75,0.37,0.04,29,0,6,0,0,0,0,0,21,6,10,13,11,32,6,10.34,-81.25,9.898539682539683,114.64,1.19,8
594044,Quebec,Montreal,male,Bachelor,Urban,42677.0,Divorced,Aurora,2020-08-21,2021-03-15,7689.7,Standard,3,3,41,87688,2138.73,0.37,0.0,14,3,0,8,0,0,0,0,0,0,8,23,0,16,11,14.29,-31.25,8.999714285714285,187.55,0.0,7
982542,Quebec,Tremblant,male,Bachelor,Rural,54665.0,Married,Aurora,2016-06-29,2020-08-26,7693.12,Standard,3,3,86,191651,2228.5,0.29,0.04,40,15,6,25,4,0,0,17,19,0,0,0,0,45,0,12.5,-100.0,16.280214285714294,89.45,1.09,50
941092,Manitoba,Winnipeg,female,Bachelor,Urban,58414.0,Single,Aurora,2020-12-12,2021-08-12,7840.17,Standard,3,3,49,77427,1580.14,0.43,0.0,0,5,3,0,0,10,18,0,13,0,0,0,0,0,49,0.0,0.0,16.00873015873016,160.0,0.0,8
909262,British Columbia,Vancouver,male,College,Urban,0.0,Divorced,Aurora,2018-11-08,2021-05-28,7863.03,Standard,2,3,208,518913,2494.77,0.29,0.0,82,13,20,6,34,15,13,32,17,2,11,17,27,91,35,10.98,-61.54,25.460785714285713,37.8,0.0,31
663757,Prince Edward Island,Charlottetown,male,College,Suburban,0.0,Single,Aurora,2019-02-01,2021-06-01,7901.74,Standard,2,3,134,322009,2403.05,0.58,0.05,50,22,7,6,12,13,10,6,13,25,21,0,0,55,30,10.0,-45.45,17.0560873015873,58.97,0.46,28
181139,Alberta,Edmonton,male,College,Rural,0.0,Married,Aurora,2016-07-20,2021-08-05,8002.31,Standard,2,3,243,332430,1368.02,0.21,0.05,98,13,13,0,36,18,15,30,48,19,0,17,32,109,36,11.22,-66.97,36.24484920634921,32.93,0.52,61
169699,Ontario,Toronto,female,Bachelor,Suburban,54292.0,Married,Aurora,2019-11-03,2020-07-03,8021.07,Standard,3,3,84,86572,1030.62,0.5,0.13,40,0,13,6,19,0,21,25,0,0,0,0,0,44,0,10.0,-100.0,17.62120634920635,95.49,0.7,8
442831,Manitoba,Winnipeg,male,Bachelor,Suburban,34335.0,Married,Aurora,2017-11-24,2020-11-29,8023.08,Standard,3,3,112,229132,2045.82,0.21,0.03,53,0,0,4,4,13,19,40,17,4,11,0,0,59,0,11.32,-100.0,27.209230158730172,71.63,1.0,36
509223,Alberta,Banff,female,College,Urban,0.0,Single,Aurora,2020-05-10,2021-08-10,8026.38,Standard,2,3,115,221265,1924.04,0.23,0.07,44,8,1,2,6,0,25,0,28,21,0,17,8,49,22,11.36,-55.1,20.660277777777782,69.79,0.49,15
205111,Manitoba,Winnipeg,female,Bachelor,Urban,50825.0,Married,Aurora,2017-08-23,2021-11-27,8092.88,Standard,3,3,144,401300,2786.81,0.31,0.01,39,7,9,8,5,27,24,28,0,24,0,1,11,43,62,10.26,44.19,24.993928571428572,56.2,1.4,51
791282,British Columbia,Vancouver,female,Bachelor,Urban,59839.0,Single,Aurora,2021-03-19,2021-11-19,8093.9,2021 Promotion,3,3,38,64739,1703.66,0.24,0.07,0,0,0,0,0,0,6,13,15,0,4,0,0,0,38,0.0,0.0,11.596825396825398,213.0,1.83,8
330783,Ontario,Toronto,female,Bachelor,Rural,40589.0,Divorced,Aurora,2019-10-07,2021-06-07,8159.14,Standard,3,3,202,256017,1267.41,0.12,0.06,69,28,0,42,0,38,47,21,6,6,0,2,13,77,56,11.59,-27.27,36.775325396825394,40.39,0.52,20
285767,Ontario,Toronto,female,College,Suburban,0.0,Married,Aurora,2019-11-05,2020-07-05,8197.2,Standard,2,3,74,124081,1676.77,0.14,0.04,35,21,2,0,19,2,30,0,0,0,0,0,0,39,0,11.43,-100.0,20.413357142857144,110.77,1.59,8
943602,Ontario,Toronto,female,College,Rural,0.0,Married,Aurora,2021-04-30,2021-12-30,8215.39,2021 Promotion,2,3,40,77092,1927.3,0.3,0.04,0,0,0,0,0,0,13,0,0,4,7,2,14,0,40,0.0,0.0,11.13015873015873,205.38,2.68,8
578788,Quebec,Hull,male,Doctor,Urban,23815.0,Married,Aurora,2019-12-19,2020-08-19,8257.67,Standard,5,3,76,34742,457.13,0.22,0.0,36,0,0,30,0,28,0,0,17,0,0,0,0,40,0,11.11,-100.0,24.479301587301592,108.65,0.0,8
276967,Ontario,Toronto,female,Bachelor,Suburban,89834.0,Single,Aurora,2020-02-27,2020-10-27,8306.55,Standard,3,3,55,207719,3776.71,0.2,0.06,26,0,0,0,0,8,6,11,13,13,4,0,0,29,0,11.54,-100.0,6.019896825396824,151.03,0.64,8
838993,Manitoba,Winnipeg,male,Bachelor,Suburban,44843.0,Single,Aurora,2020-10-12,2021-06-12,8311.85,Standard,3,3,66,140474,2128.39,0.23,0.0,14,8,0,11,0,15,3,0,0,0,0,11,17,15,37,7.14,146.67,14.617039682539684,125.94,0.0,8
390980,Quebec,Montreal,female,Bachelor,Rural,25998.0,Married,Aurora,2017-09-28,2021-03-07,8382.48,Standard,3,3,167,223617,1339.02,0.2,0.1,70,7,0,14,23,10,28,28,13,23,0,17,4,78,19,11.43,-75.64,30.566539682539677,50.19,0.36,41
683239,Yukon,Whitehorse,male,College,Urban,0.0,Single,Aurora,2020-07-20,2021-03-20,8390.12,Standard,2,3,52,108776,2091.85,0.54,0.0,23,3,0,0,0,0,0,0,17,19,0,6,8,26,3,13.04,-88.46,8.731111111111108,161.35,0.0,8
101709,New Brunswick,Fredericton,female,Bachelor,Suburban,47593.0,Single,Aurora,2018-09-02,2021-08-25,8396.61,Standard,3,3,202,430905,2133.19,0.25,0.02,76,23,21,0,19,6,20,23,40,17,17,10,6,84,42,10.53,-50.0,20.606857142857145,41.57,1.21,36
666761,Alberta,Banff,male,Bachelor,Urban,27804.0,Married,Aurora,2019-11-07,2020-07-07,8492.7,Standard,3,3,48,141446,2946.79,0.31,0.04,22,21,13,0,0,6,0,8,0,0,0,0,0,25,0,13.64,-100.0,8.293611111111113,176.93,1.61,8
171691,Ontario,Trenton,male,College,Rural,0.0,Single,Aurora,2021-04-15,2021-12-15,8586.53,2021 Promotion,2,3,51,97802,1917.69,0.18,0.05,0,0,0,0,0,6,18,3,0,5,12,7,0,0,51,0.0,0.0,14.707142857142854,168.36,1.89,8
457605,Ontario,Toronto,female,Bachelor,Urban,79090.0,Married,Aurora,2019-08-18,2020-01-19,8609.16,Standard,3,3,6,26134,4355.67,1.0,0.2,3,6,0,0,0,0,0,0,0,0,0,0,0,3,0,0.0,-100.0,0.4396428571428572,1434.86,1.63,5
795235,British Columbia,Vancouver,male,Bachelor,Urban,79090.0,Married,Aurora,2021-05-20,2021-10-05,8609.16,Standard,3,3,5,15480,3096.0,1.0,0.0,0,0,0,0,0,0,0,0,0,5,0,0,0,0,5,0.0,0.0,0.6944444444444445,1721.83,0.0,5
157300,British Columbia,West Vancouver,female,Bachelor,Rural,48091.0,Married,Aurora,2021-03-11,2021-11-11,8617.55,2021 Promotion,3,3,64,102632,1603.62,0.27,0.0,0,0,0,0,10,7,1,9,14,13,0,10,0,0,64,0.0,0.0,16.634920634920633,134.65,0.0,8
155253,British Columbia,Vancouver,male,Bachelor,Urban,59107.0,Married,Aurora,2020-06-15,2021-02-15,8629.33,Standard,3,3,93,174180,1872.9,0.24,0.12,41,1,5,0,0,0,0,25,13,25,0,0,25,46,6,12.2,-86.96,22.572539682539684,92.79,0.42,8
572812,British Columbia,Vancouver,female,Bachelor,Suburban,25964.0,Married,Aurora,2019-12-20,2020-08-20,8646.55,Standard,3,3,72,172024,2389.22,0.39,0.03,34,21,6,10,11,11,13,0,0,0,0,0,0,38,0,11.76,-100.0,10.135968253968256,120.09,1.66,8
203815,Ontario,Toronto,female,College,Rural,0.0,Married,Aurora,2020-10-24,2021-06-24,8650.0,Standard,2,3,43,132503,3081.47,0.21,0.0,4,0,0,5,8,15,7,0,0,0,0,0,8,4,35,0.0,775.0,9.758571428571429,201.16,0.0,8
496686,Ontario,Toronto,male,Bachelor,Urban,67763.0,Married,Aurora,2020-03-20,2020-11-20,8663.36,Standard,3,3,120,195656,1630.47,0.07,0.0,57,0,0,0,0,21,30,28,32,0,0,8,0,63,0,10.53,-100.0,35.533357142857135,72.19,0.0,8
416940,Ontario,Toronto,male,Bachelor,Urban,83210.0,Divorced,Aurora,2016-10-25,2020-09-05,8733.53,Standard,3,3,104,159285,1531.59,0.4,0.0,50,21,13,19,0,23,15,13,0,0,0,0,0,55,0,10.0,-100.0,18.58656349206349,83.98,0.0,46
655016,Ontario,Toronto,female,Bachelor,Suburban,99517.0,Divorced,Aurora,2017-12-07,2020-06-10,8743.85,Standard,3,3,82,55096,671.9,0.0,0.0,39,23,19,0,11,21,8,0,0,0,0,0,0,43,0,10.26,-100.0,16.267325396825395,106.63,0.0,30
899883,Ontario,Ottawa,male,Bachelor,Urban,91171.0,Married,Aurora,2020-12-02,2021-08-02,8788.53,Standard,3,3,50,116550,2331.0,0.26,0.03,0,2,8,11,8,0,0,7,14,0,0,0,0,0,50,0.0,0.0,12.244444444444442,175.77,2.75,8
390022,Quebec,Montreal,male,Bachelor,Urban,82664.0,Married,Aurora,2021-03-22,2021-11-22,8838.09,2021 Promotion,3,3,43,77116,1793.4,0.3,0.04,0,0,0,0,7,0,12,13,0,7,0,4,0,0,43,0.0,0.0,10.732539682539686,205.54,2.72,8
235454,Quebec,Montreal,male,Bachelor,Rural,53503.0,Single,Aurora,2016-10-27,2021-01-04,8873.53,Standard,3,3,96,119555,1245.36,0.22,0.03,43,22,8,17,0,23,15,0,0,11,0,0,0,48,5,11.63,-89.58,15.19292063492064,92.43,2.18,50
861879,Quebec,Montreal,female,Bachelor,Rural,52583.0,Single,Aurora,2019-09-26,2020-11-01,8879.79,Standard,3,3,169,226450,1339.94,0.16,0.02,80,0,17,19,23,30,10,8,0,25,23,15,0,89,0,11.25,-100.0,28.96827777777777,52.54,1.58,13
276947,Ontario,Toronto,male,Bachelor,Rural,40867.0,Married,Aurora,2021-03-20,2021-12-23,8920.46,2021 Promotion,3,3,158,298531,1889.44,0.27,0.02,50,15,0,0,11,17,30,39,20,11,0,0,14,55,53,10.0,-3.64,21.417357142857142,56.46,1.28,9
921403,New Brunswick,Fredericton,female,Bachelor,Rural,69853.0,Married,Aurora,2020-05-22,2021-01-22,9080.6,Standard,3,3,72,100198,1391.64,0.15,0.0,34,0,0,0,0,0,25,32,11,0,2,2,0,38,0,11.76,-100.0,21.513111111111108,126.12,0.0,8
997121,Ontario,Toronto,male,Bachelor,Rural,95330.0,Married,Aurora,2020-12-19,2021-08-19,9135.29,Standard,3,3,37,101100,2732.43,0.11,0.04,0,0,8,14,3,0,0,12,0,0,0,0,0,0,37,0.0,0.0,10.713492063492065,246.9,2.42,8
991638,Ontario,Toronto,male,Bachelor,Suburban,26351.0,Divorced,Aurora,2018-11-13,2021-12-25,9217.98,Standard,3,3,125,421355,3370.84,0.29,0.05,31,19,13,9,4,6,15,5,9,4,9,0,32,34,60,9.68,76.47,25.62415873015873,73.74,0.46,37
152007,Alberta,Calgary,female,Bachelor,Rural,70435.0,Married,Aurora,2021-01-27,2021-09-27,9322.09,Standard,3,3,31,71739,2314.16,0.19,0.0,0,0,0,3,12,12,4,0,0,0,0,0,0,0,31,0.0,0.0,8.18015873015873,300.71,0.0,8
255818,British Columbia,Whistler,male,College,Rural,0.0,Single,Aurora,2017-11-11,2020-04-25,9350.87,Standard,2,3,61,85855,1407.46,0.49,0.0,29,4,23,23,11,0,0,0,0,0,0,0,0,32,0,10.34,-100.0,14.028444444444442,153.29,0.0,29
854835,Ontario,Trenton,male,Bachelor,Suburban,60613.0,Single,Aurora,2019-06-29,2020-02-28,9366.82,Standard,3,3,8,74636,9329.5,0.25,0.0,4,2,6,0,0,0,0,0,0,0,0,0,0,4,0,0.0,-100.0,0.4713015873015874,1170.85,0.0,8
509149,Ontario,Kingston,female,Bachelor,Rural,55338.0,Married,Aurora,2017-10-30,2020-11-15,9415.53,Standard,3,3,116,192485,1659.35,0.41,0.03,55,13,6,23,0,11,0,34,19,10,0,0,0,61,0,10.91,-100.0,24.86675396825397,81.17,1.5,37
304764,Nova Scotia,Halifax,male,Bachelor,Rural,75638.0,Divorced,Aurora,2020-03-15,2021-03-03,9429.08,Standard,3,3,87,282301,3244.84,0.34,0.03,38,0,7,0,2,25,10,0,0,15,17,2,10,42,7,10.53,-83.33,14.347873015873015,108.38,1.02,12
201898,Ontario,Ottawa,female,College,Suburban,0.0,Married,Aurora,2020-07-19,2021-03-19,9591.03,Standard,2,3,68,161433,2374.01,0.19,0.0,30,0,0,5,0,0,0,0,6,13,4,17,23,33,5,10.0,-84.85,11.918753968253965,141.04,0.0,8
855190,Yukon,Whitehorse,female,Bachelor,Rural,86054.0,Married,Aurora,2021-04-06,2021-12-06,9664.33,2021 Promotion,3,3,45,134016,2978.13,0.2,0.02,0,0,0,0,0,7,6,14,5,1,11,1,0,0,45,0.0,0.0,10.65,214.76,3.38,8
201475,Quebec,Montreal,male,Bachelor,Suburban,79157.0,Married,Aurora,2021-03-08,2021-11-08,9705.31,2021 Promotion,3,3,44,99113,2252.57,0.27,0.0,0,0,0,0,0,7,19,2,4,8,4,0,0,0,44,0.0,0.0,13.034920634920635,220.58,0.0,8
606600,Ontario,Toronto,male,Bachelor,Rural,96018.0,Married,Aurora,2016-08-10,2021-11-13,9774.61,Standard,3,3,130,374829,2883.3,0.36,0.06,44,10,7,13,5,4,20,37,13,0,0,0,21,49,37,11.36,-24.49,21.581801587301594,75.19,0.44,63
138873,Quebec,Montreal,male,Bachelor,Suburban,52408.0,Married,Aurora,2016-09-10,2020-11-26,9890.21,Standard,3,3,95,229060,2411.16,0.04,0.0,45,21,0,0,6,28,0,0,17,4,19,0,0,50,0,11.11,-100.0,20.76301587301587,104.11,0.0,51
135872,Ontario,Toronto,male,High School or Below,Rural,19592.0,Divorced,Aurora,2018-02-26,2020-01-13,9927.05,Standard,1,3,11,14193,1290.27,0.0,0.0,5,11,0,0,0,0,0,0,0,0,0,0,0,6,0,20.0,-100.0,1.758571428571429,902.46,0.0,23
618523,Ontario,Trenton,male,Doctor,Suburban,13207.0,Married,Aurora,2018-02-28,2021-12-23,9939.26,Standard,5,3,202,400586,1983.1,0.14,0.02,76,1,6,17,23,10,48,23,34,10,16,2,13,85,40,11.84,-52.94,35.724849206349205,49.2,1.28,46
658726,Ontario,Ottawa,female,College,Urban,0.0,Single,Aurora,2019-02-22,2020-06-27,10033.28,Standard,2,3,57,73576,1290.81,0.4,0.0,27,15,11,0,10,21,0,0,0,0,0,0,0,30,0,11.11,-100.0,10.143142857142857,176.02,0.0,16
792932,Quebec,Montreal,female,College,Rural,0.0,Single,Aurora,2019-02-14,2020-01-02,10058.74,Standard,2,3,15,11024,734.93,0.13,0.8,7,15,0,0,0,0,0,0,0,0,0,0,0,8,0,14.29,-100.0,3.1263492063492064,670.58,1.14,11
985320,British Columbia,Vancouver,female,Master,Suburban,11828.0,Divorced,Aurora,2020-06-28,2021-02-28,10083.49,Standard,4,3,35,64515,1843.29,0.0,0.0,16,1,0,0,0,0,0,13,0,0,21,0,0,18,1,12.5,-94.44,7.836634920634922,288.1,0.0,8
866295,British Columbia,Vancouver,male,Bachelor,Suburban,28754.0,Single,Aurora,2020-06-11,2021-03-17,10155.3,Standard,3,3,120,295882,2465.68,0.1,0.0,54,2,1,3,0,0,0,13,11,25,25,10,30,60,6,11.11,-90.0,25.37828571428571,84.63,0.0,9
138025,Ontario,Toronto,male,Bachelor,Urban,35482.0,Married,Aurora,2020-03-03,2020-11-03,10208.93,Standard,3,3,91,212042,2330.13,0.19,0.0,43,0,0,0,0,10,2,15,0,25,27,13,0,48,0,11.63,-100.0,19.46285714285714,112.19,0.0,8
907077,Ontario,Trenton,male,Bachelor,Rural,35482.0,Married,Aurora,2016-03-29,2021-08-04,10208.93,Standard,3,3,185,344555,1862.46,0.25,0.03,64,12,13,10,3,40,46,30,10,0,21,0,0,71,50,10.94,-29.58,39.05665873015874,55.18,0.92,64
437403,Ontario,Toronto,female,Bachelor,Urban,33432.0,Single,Aurora,2019-09-07,2020-05-07,10388.99,Standard,3,3,110,128195,1165.41,0.21,0.04,52,11,23,30,23,23,0,0,0,0,0,0,0,58,0,11.54,-100.0,27.80301587301587,94.45,1.87,8
839494,Quebec,Montreal,male,Bachelor,Urban,28363.0,Divorced,Aurora,2021-04-13,2021-12-13,10455.49,2021 Promotion,3,3,33,65213,1976.15,0.42,0.13,0,0,0,0,0,3,0,7,0,8,6,9,0,0,33,0.0,0.0,5.964285714285715,316.83,1.23,8
473786,Alberta,Edmonton,male,Bachelor,Urban,92983.0,Married,Aurora,2019-08-15,2021-08-22,10536.08,Standard,3,3,198,324861,1640.71,0.16,0.02,68,27,16,0,30,27,38,0,36,25,0,0,0,76,54,11.76,-28.95,33.887301587301586,53.21,1.53,24
539739,Ontario,Toronto,male,Bachelor,Rural,38873.0,Married,Aurora,2021-03-13,2021-11-13,10970.13,2021 Promotion,3,3,65,100846,1551.48,0.2,0.05,0,0,0,0,9,5,0,15,0,14,12,10,0,0,65,0.0,0.0,18.675396825396824,168.77,2.39,8
719162,Ontario,Toronto,female,Bachelor,Urban,24164.0,Divorced,Aurora,2019-09-28,2020-05-28,10972.07,Standard,3,3,48,56645,1180.1,0.35,0.17,22,15,0,13,19,0,0,0,0,0,0,0,0,25,0,13.64,-100.0,9.224468253968256,228.58,1.15,8
680485,British Columbia,Vancouver,male,Bachelor,Urban,78011.0,Married,Aurora,2017-04-24,2020-01-14,11077.69,Standard,3,3,2,28711,14355.5,1.0,0.24,1,2,0,0,0,0,0,0,0,0,0,0,0,1,0,0.0,-100.0,0.04884920634920635,5538.84,1.58,33
460943,Alberta,Calgary,male,Doctor,Suburban,27679.0,Single,Aurora,2019-10-06,2020-06-06,11140.3,Standard,5,3,61,131993,2163.82,0.03,0.0,29,15,13,8,0,25,0,0,0,0,0,0,0,32,0,10.34,-100.0,12.477015873015873,182.63,0.0,8
357567,Saskatchewan,Regina,male,College,Rural,0.0,Married,Aurora,2016-04-16,2021-05-02,11196.46,Standard,2,3,174,419682,2411.97,0.22,0.05,69,23,16,19,18,39,0,10,25,0,10,15,0,77,28,11.59,-63.64,21.15564285714285,64.35,0.59,61
946645,Ontario,Toronto,female,Bachelor,Urban,79270.0,Married,Aurora,2020-03-18,2020-11-18,11318.13,Standard,3,3,17,82971,4880.65,0.65,0.13,8,0,0,0,4,0,0,0,0,11,2,0,0,9,0,12.5,-100.0,1.8882142857142858,665.77,1.05,8
795840,Ontario,London,male,College,Suburban,0.0,Single,Aurora,2021-03-11,2021-04-15,11436.43,2021 Promotion,2,3,155,230881,1489.55,0.3,0.08,69,6,12,20,20,8,0,27,0,15,27,11,10,77,9,11.59,-88.31,19.248087301587304,73.78,0.59,1
738890,Newfoundland,St. John's,male,College,Urban,0.0,Single,Aurora,2017-12-22,2020-03-03,11836.3,Standard,2,3,11,17818,1619.82,0.73,0.0,5,0,11,0,0,0,0,0,0,0,0,0,0,6,0,20.0,-100.0,1.758571428571429,1076.03,0.0,26
458745,British Columbia,Vancouver,female,Bachelor,Suburban,50234.0,Divorced,Aurora,2021-03-15,2021-11-15,11926.75,2021 Promotion,3,3,22,37846,1720.27,0.23,0.09,0,0,0,0,2,0,0,18,0,0,0,2,0,0,22,0.0,0.0,9.101587301587301,542.12,3.58,8
685631,Quebec,Hull,male,Master,Rural,21514.0,Married,Aurora,2019-08-26,2020-04-26,11981.98,Standard,4,3,63,99064,1572.44,0.13,0.0,30,23,19,21,0,0,0,0,0,0,0,0,0,33,0,10.0,-100.0,15.75564285714286,190.19,0.0,8
436041,Alberta,Banff,male,Bachelor,Rural,43244.0,Married,Aurora,2020-10-21,2021-06-21,12231.88,Standard,3,3,62,61286,988.48,0.32,0.2,4,10,4,13,11,0,14,0,0,0,0,10,0,5,52,25.0,940.0,15.491071428571432,197.29,0.99,8
432941,Ontario,Toronto,female,Bachelor,Suburban,88340.0,Married,Aurora,2017-11-14,2020-05-30,12280.77,Standard,3,3,17,69067,4062.76,0.12,0.12,8,0,0,17,0,0,0,0,0,0,0,0,0,9,0,12.5,-100.0,3.9567857142857137,722.4,1.43,30
857771,Quebec,Montreal,female,Bachelor,Rural,68420.0,Married,Aurora,2019-08-15,2020-04-15,12315.09,Standard,3,3,25,26693,1067.72,0.44,0.0,12,8,0,0,17,0,0,0,0,0,0,0,0,13,0,8.33,-100.0,4.5320873015873,492.6,0.0,8
247391,Ontario,Toronto,female,Bachelor,Suburban,25023.0,Single,Aurora,2020-12-31,2021-08-31,12734.21,Standard,3,3,21,47815,2276.9,0.19,0.0,0,5,3,9,0,0,4,0,0,0,0,0,0,0,21,0.0,0.0,3.392857142857143,606.39,0.0,8
918017,British Columbia,Vancouver,male,Master,Suburban,26121.0,Single,Aurora,2021-01-22,2021-09-22,12875.6,Standard,4,3,43,126608,2944.37,0.12,0.0,0,0,11,0,9,10,11,2,0,0,0,0,0,0,43,0.0,0.0,10.73253968253968,299.43,0.0,8
845820,Ontario,Toronto,female,Bachelor,Rural,77060.0,Married,Aurora,2018-06-24,2020-05-12,12941.73,Standard,3,3,49,58758,1199.14,0.08,0.0,23,0,17,13,19,0,0,0,0,0,0,0,0,26,0,13.04,-100.0,9.957492063492067,264.12,0.0,23
887511,Ontario,Toronto,male,Bachelor,Rural,52369.0,Married,Aurora,2019-11-26,2021-09-26,12941.89,Standard,3,3,147,267892,1822.39,0.18,0.03,53,0,3,27,10,15,27,12,0,12,25,17,0,59,35,11.32,-40.68,28.38808730158731,88.04,1.53,22
389928,Ontario,Toronto,male,College,Urban,0.0,Single,Aurora,2017-05-13,2021-11-06,13024.13,Standard,2,3,255,348606,1367.08,0.12,0.0,100,24,21,17,11,26,33,52,30,11,5,24,0,111,44,11.0,-60.36,37.55189682539681,51.08,0.0,54
900753,British Columbia,Vancouver,male,Bachelor,Suburban,68562.0,Married,Aurora,2017-10-27,2020-12-08,13151.83,Standard,3,3,110,267537,2432.15,0.17,0.03,52,13,8,0,23,6,0,10,4,6,19,0,23,58,0,11.54,-100.0,16.219015873015877,119.56,1.79,37
307047,Manitoba,Winnipeg,female,Bachelor,Urban,74656.0,Divorced,Aurora,2019-06-22,2021-05-15,13211.01,Standard,3,3,198,436483,2204.46,0.13,0.01,85,17,30,28,11,1,28,30,17,0,25,10,0,94,19,10.59,-79.79,29.650730158730155,66.72,2.03,23
523399,Quebec,Tremblant,male,Bachelor,Suburban,68009.0,Divorced,Aurora,2020-08-01,2021-03-29,13295.6,Standard,3,3,54,132527,2454.2,0.2,0.05,16,10,7,3,0,0,0,0,0,0,0,11,23,18,20,12.5,11.11,11.491396825396826,246.21,1.97,8
161956,Ontario,Kingston,female,Bachelor,Rural,39017.0,Married,Aurora,2020-12-16,2021-08-16,13306.18,Standard,3,3,67,138465,2066.64,0.06,0.0,0,5,8,4,11,0,18,4,17,0,0,0,0,0,67,0.0,0.0,20.865873015873017,198.6,0.0,8
738473,Saskatchewan,Regina,female,Doctor,Urban,11432.0,Married,Aurora,2016-11-13,2021-05-09,13466.92,Standard,5,3,171,307299,1797.07,0.2,0.02,63,0,24,31,26,29,0,0,0,19,23,0,19,70,38,11.11,-45.71,25.23514285714285,78.75,2.58,54
942017,Quebec,Tremblant,female,Bachelor,Urban,98036.0,Married,Aurora,2020-02-13,2020-10-13,13559.39,Standard,3,3,61,87677,1437.33,0.03,0.0,29,0,0,21,2,0,2,28,0,0,8,0,0,32,0,10.34,-100.0,15.890158730158728,222.29,0.0,8
602275,Ontario,Toronto,male,Bachelor,Urban,67060.0,Single,Aurora,2020-01-20,2020-09-20,13623.62,Standard,3,3,68,98074,1442.26,0.16,0.0,32,0,4,0,0,0,0,34,13,17,0,0,0,36,0,12.5,-100.0,19.971999999999998,200.35,0.0,8
307032,Manitoba,Winnipeg,male,Bachelor,Suburban,96950.0,Married,Aurora,2019-09-02,2020-05-02,13862.1,Standard,3,3,44,45684,1038.27,0.05,0.0,21,0,0,13,0,30,0,0,0,0,0,0,0,23,0,9.52,-100.0,14.257230158730161,315.05,0.0,8
486909,Ontario,Toronto,male,College,Urban,0.0,Single,Aurora,2017-06-14,2021-09-21,13864.38,Standard,2,3,188,349448,1858.77,0.22,0.02,67,28,11,0,8,30,32,14,37,19,0,0,10,74,47,10.45,-36.49,30.713015873015877,73.75,2.01,51
815841,Ontario,Kingston,male,Bachelor,Rural,28432.0,Married,Aurora,2021-02-01,2021-10-01,13869.93,2021 Promotion,3,3,78,102721,1316.94,0.05,0.0,0,0,9,14,9,12,0,13,0,10,11,0,0,0,78,0.0,0.0,20.65714285714286,177.82,0.0,8
545410,Ontario,Toronto,female,Bachelor,Suburban,64113.0,Divorced,Aurora,2018-07-05,2021-05-24,13918.53,Standard,3,3,179,338186,1889.31,0.15,0.0,79,0,9,2,15,36,0,32,13,0,25,25,23,88,12,11.39,-86.36,34.10177777777779,77.76,0.0,35
377444,British Columbia,Vancouver,female,Bachelor,Rural,48245.0,Married,Aurora,2018-11-25,2020-07-30,13995.69,Standard,3,3,82,74875,913.11,0.46,0.07,39,11,15,25,4,0,0,27,0,0,0,0,0,43,0,10.26,-100.0,18.95646825396825,170.68,2.58,20
697393,Ontario,Thunder Bay,male,Bachelor,Urban,91061.0,Married,Aurora,2019-11-27,2021-03-26,14031.7,Standard,3,3,137,262089,1913.06,0.26,0.02,62,9,20,0,0,27,15,6,10,27,11,13,0,69,6,11.29,-91.3,19.697928571428577,102.42,2.8,16
478284,British Columbia,Vancouver,male,Bachelor,Rural,41459.0,Married,Aurora,2019-10-05,2020-06-05,14333.92,Standard,3,3,32,46297,1446.78,0.41,0.12,15,0,19,2,11,0,0,0,0,0,0,0,0,17,0,13.33,-100.0,6.256849206349204,447.94,2.58,8
656036,Quebec,Montreal,male,Bachelor,Rural,58452.0,Single,Aurora,2019-05-29,2020-07-10,14439.8,Standard,3,3,74,161314,2179.92,0.31,0.04,35,4,6,17,25,0,17,6,0,0,0,0,0,39,0,11.43,-100.0,13.897357142857146,195.13,2.19,13
155020,British Columbia,Vancouver,male,College,Urban,0.0,Single,Aurora,2021-02-11,2021-10-11,14455.86,2021 Promotion,2,3,51,57914,1135.57,0.16,0.1,0,0,0,0,13,0,19,0,1,12,6,0,0,0,51,0.0,0.0,18.250000000000004,283.45,2.56,8
654433,Nova Scotia,Halifax,female,Bachelor,Suburban,51817.0,Divorced,Aurora,2020-09-03,2021-05-03,14789.62,Standard,3,3,47,93776,1995.23,0.28,0.11,13,0,5,12,3,0,0,0,0,0,0,17,10,14,20,7.69,42.86,8.843968253968255,314.67,1.42,8
190405,Ontario,Trenton,male,Bachelor,Rural,35822.0,Divorced,Aurora,2016-05-29,2020-07-30,15394.87,Standard,3,3,74,142504,1925.73,0.23,0.0,35,6,0,0,27,0,30,11,0,0,0,0,0,39,0,11.43,-100.0,21.344214285714287,208.04,0.0,50
945455,Quebec,Quebec City,female,Bachelor,Urban,24661.0,Married,Aurora,2020-01-05,2020-07-23,15483.53,Standard,3,3,91,200239,2200.43,0.21,0.0,43,0,13,0,19,15,15,28,0,0,0,0,0,48,0,11.63,-100.0,19.359428571428563,170.15,0.0,7
616374,Prince Edward Island,Charlottetown,male,Bachelor,Urban,50461.0,Single,Aurora,2020-01-03,2020-09-03,15626.28,Standard,3,3,68,187857,2762.6,0.22,0.04,32,0,0,8,4,13,17,0,27,0,0,0,0,36,0,12.5,-100.0,14.179999999999998,229.8,2.16,8
107420,Ontario,Toronto,male,High School or Below,Urban,21921.0,Married,Aurora,2020-12-01,2021-08-01,15771.39,Standard,1,3,66,172120,2607.88,0.2,0.03,4,4,0,5,9,11,9,0,18,0,0,0,10,5,56,25.0,1020.0,16.402182539682542,238.96,2.77,8
474846,Newfoundland,St. John's,male,College,Rural,0.0,Divorced,Aurora,2019-08-31,2021-08-14,15936.58,Standard,2,3,238,392668,1649.87,0.33,0.08,83,24,18,27,19,26,20,13,26,25,15,25,0,92,63,10.84,-31.52,26.38568253968254,66.96,0.54,23
364596,Quebec,Tremblant,female,Bachelor,Suburban,73049.0,Single,Aurora,2021-04-07,2021-12-07,16710.84,2021 Promotion,3,3,25,58599,2343.96,0.08,0.0,0,0,0,0,0,0,0,0,9,0,0,0,16,0,25,0.0,0.0,9.132539682539681,668.43,0.0,8
390377,Ontario,Toronto,female,College,Suburban,0.0,Single,Aurora,2016-04-30,2020-06-30,16727.56,Standard,2,3,40,125364,3134.1,0.15,0.0,19,8,6,0,0,17,10,0,0,0,0,0,0,21,0,10.53,-100.0,5.5110714285714275,418.19,0.0,50
962989,Nova Scotia,Halifax,male,College,Suburban,0.0,Divorced,Aurora,2017-04-29,2021-12-15,18205.67,Standard,2,3,194,461777,2380.29,0.15,0.0,47,18,12,9,14,14,14,40,16,15,16,14,11,52,95,10.64,82.69,19.63171428571428,93.84,0.0,56
184678,British Columbia,Whistler,female,Bachelor,Urban,22705.0,Divorced,Aurora,2019-02-07,2021-05-14,19160.99,Standard,3,3,139,367865,2646.51,0.19,0.0,56,7,17,0,22,24,23,23,2,0,0,6,15,62,21,10.71,-66.13,20.439111111111114,137.85,0.0,27
118376,British Columbia,Kelowna,female,College,Rural,0.0,Married,Aurora,2020-12-19,2021-08-19,20455.25,Standard,2,3,29,69373,2392.17,0.03,0.06,0,0,11,0,0,0,17,0,1,0,0,0,0,0,29,0.0,0.0,11.075396825396824,705.35,5.22,8
775520,Ontario,Thunder Bay,female,Doctor,Urban,12503.0,Single,Aurora,2018-10-11,2020-07-21,20531.65,Standard,5,3,72,209066,2903.69,0.08,0.0,34,17,0,13,8,13,6,15,0,0,0,0,0,38,0,11.76,-100.0,9.72225396825397,285.16,0.0,21
667398,Ontario,Toronto,female,College,Rural,0.0,Married,Aurora,2019-10-14,2020-06-14,21112.54,Standard,2,3,91,85679,941.53,0.0,0.0,43,11,21,17,21,21,0,0,0,0,0,0,0,48,0,11.63,-100.0,18.221714285714285,232.01,0.0,8
968842,Ontario,Toronto,female,Bachelor,Urban,66851.0,Married,Aurora,2017-02-26,2020-03-04,22056.0,Standard,3,3,34,50838,1495.24,0.29,0.0,16,21,10,4,0,0,0,0,0,0,0,0,0,18,0,12.5,-100.0,6.828857142857143,648.71,0.0,36
295561,British Columbia,Vancouver,male,College,Suburban,0.0,Single,Aurora,2019-10-17,2020-06-17,22337.16,Standard,2,3,38,155334,4087.74,0.74,0.06,18,0,6,0,15,0,17,0,0,0,0,0,0,20,0,11.11,-100.0,6.817968253968254,587.82,2.52,8
346560,New Brunswick,Fredericton,female,Bachelor,Urban,89384.0,Married,Aurora,2020-06-22,2021-02-22,22837.14,Standard,3,3,117,151345,1293.55,0.4,0.07,55,1,0,0,0,0,0,34,25,15,0,13,28,61,1,10.91,-98.36,32.15742063492064,195.19,2.06,8
921777,Saskatchewan,Regina,male,Bachelor,Rural,76358.0,Married,Aurora,2017-03-29,2021-08-23,23594.68,Standard,3,3,129,278920,2162.17,0.31,0.05,43,0,20,6,3,6,32,0,30,4,8,0,21,48,38,11.63,-20.83,21.022158730158733,182.9,1.55,53
781963,Alberta,Banff,male,Bachelor,Urban,65196.0,Married,Aurora,2021-01-31,2021-09-30,24084.54,Standard,3,3,36,66933,1859.25,0.08,0.0,0,0,0,0,4,9,0,21,0,2,0,0,0,0,36,0.0,0.0,14.457142857142857,669.02,0.0,8
219270,Ontario,Toronto,male,Bachelor,Suburban,71210.0,Married,Aurora,2020-11-26,2021-07-26,25807.06,Standard,3,3,53,74302,1401.92,0.17,0.0,13,6,5,0,0,0,15,0,0,0,0,0,27,14,26,7.69,85.71,16.111587301587303,486.93,0.0,8
529544,Saskatchewan,Regina,male,Bachelor,Suburban,71210.0,Married,Aurora,2020-12-29,2021-08-29,25807.06,Standard,3,3,50,141375,2827.5,0.36,0.0,0,3,4,10,2,14,9,0,8,0,0,0,0,0,50,0.0,0.0,11.444444444444446,516.14,0.0,8
699281,Ontario,Trenton,female,Bachelor,Rural,68507.0,Married,Aurora,2020-05-12,2021-01-12,26200.83,Standard,3,3,76,150989,1986.7,0.28,0.0,36,0,0,0,0,0,21,25,0,0,0,17,13,40,0,11.11,-100.0,17.135873015873013,344.75,0.0,8
833148,British Columbia,Whistler,male,Bachelor,Suburban,22955.0,Single,Aurora,2019-05-12,2020-08-01,27069.5,Standard,3,3,103,209574,2034.7,0.04,0.0,49,0,0,13,25,0,25,23,17,0,0,0,0,54,0,10.2,-100.0,23.29457142857143,262.81,0.0,15
206050,Alberta,Edmonton,female,Bachelor,Suburban,37931.0,Married,Aurora,2019-08-27,2020-03-27,27495.42,Standard,3,3,65,76061,1170.17,0.17,0.0,31,25,19,21,0,0,0,0,0,0,0,0,0,34,0,9.68,-100.0,16.856539682539676,423.01,0.0,7
121351,Ontario,Toronto,female,Bachelor,Suburban,42803.0,Divorced,Aurora,2021-03-22,2021-05-31,28421.57,2021 Promotion,3,3,163,276024,1693.4,0.3,0.0,68,18,21,32,6,13,32,0,28,0,0,11,2,76,19,11.76,-75.0,30.108158730158728,174.37,0.0,2
191626,Ontario,Toronto,female,Bachelor,Urban,91871.0,Single,Aurora,2021-01-08,2021-10-04,28486.07,Standard,3,3,56,101461,1811.8,0.34,0.04,0,0,8,0,0,6,4,20,0,10,8,0,0,0,56,0.0,0.0,16.93968253968254,508.68,7.46,9
904397,Ontario,Trenton,male,Doctor,Urban,25503.0,Married,Aurora,2020-04-09,2021-05-31,30850.59,Standard,5,3,134,273764,2043.01,0.16,0.04,58,0,1,10,0,13,0,38,13,11,6,15,27,65,11,12.07,-83.08,30.05494444444444,230.23,2.84,14
562510,British Columbia,Whistler,male,Bachelor,Urban,58542.0,Married,Aurora,2020-01-23,2020-08-26,31920.77,Standard,3,3,68,83583,1229.16,0.15,0.0,32,0,0,17,0,28,0,0,23,0,0,0,0,36,0,12.5,-100.0,19.55828571428571,469.42,0.0,7
300460,Saskatchewan,Regina,female,Bachelor,Rural,39894.0,Married,Aurora,2021-01-27,2021-09-27,32725.3,Standard,3,3,29,65729,2266.52,0.31,0.05,0,0,10,3,7,1,8,0,0,0,0,0,0,0,29,0.0,0.0,5.703968253968253,1128.46,9.75,8
727091,Manitoba,Winnipeg,female,Bachelor,Urban,33190.0,Divorced,Aurora,2021-03-28,2021-11-28,33473.35,2021 Promotion,3,3,22,47288,2149.45,0.36,0.0,0,0,0,0,0,0,5,3,0,0,3,11,0,0,22,0.0,0.0,4.301587301587302,1521.52,0.0,8
333051,New Brunswick,Moncton,male,Bachelor,Rural,84650.0,Married,Aurora,2021-04-28,2021-12-28,51426.25,2021 Promotion,3,3,15,71013,4734.2,0.6,0.0,0,0,0,0,0,0,0,0,5,5,5,0,0,0,15,0.0,0.0,1.9642857142857142,3428.42,0.0,8
767366,Quebec,Montreal,female,Bachelor,Rural,39547.0,Married,Aurora,2020-03-21,2020-11-21,73225.96,Standard,3,3,53,145622,2747.58,0.21,0.05,25,0,0,0,0,0,0,10,17,19,8,0,0,28,0,12.0,-100.0,9.234349206349204,1381.62,9.47,8
994044,Alberta,Peace River,male,Bachelor,Rural,94648.0,Divorced,Nova,2019-08-15,2021-06-29,2744.52,Standard,3,2,96,160181,1668.55,0.4,0.0,40,15,13,0,0,25,21,0,0,0,13,8,0,44,12,10.0,-72.73,14.857396825396819,28.59,0.0,22
804816,Newfoundland,St. John's,female,Bachelor,Rural,62302.0,Single,Nova,2016-04-03,2020-08-31,2746.92,Standard,3,2,48,72073,1501.52,0.52,0.12,22,0,8,0,8,0,0,19,13,0,0,0,0,25,0,13.64,-100.0,7.569611111111109,57.23,0.31,53
751270,Ontario,Toronto,female,Bachelor,Rural,71445.0,Single,Nova,2019-05-10,2020-01-10,2749.41,Standard,3,2,15,43090,2872.67,0.0,0.0,7,15,0,0,0,0,0,0,0,0,0,0,0,8,0,14.29,-100.0,3.1263492063492064,183.29,0.0,8
602384,Quebec,Tremblant,male,Bachelor,Urban,34200.0,Divorced,Nova,2020-08-08,2021-04-08,2750.54,Standard,3,2,55,128914,2343.89,0.04,0.05,20,0,8,5,0,0,0,0,0,4,27,2,10,22,13,10.0,-40.91,11.84692063492063,50.01,0.44,8
890232,British Columbia,West Vancouver,female,Bachelor,Suburban,28887.0,Single,Nova,2020-05-10,2021-01-10,2753.31,Standard,3,2,45,116160,2581.33,0.27,0.0,21,1,0,0,0,0,21,0,6,13,4,0,0,23,1,9.52,-95.65,7.9064999999999985,61.18,0.0,8
559619,Quebec,Montreal,female,College,Urban,0.0,Married,Nova,2019-05-09,2020-01-09,2753.78,Standard,2,2,11,9272,842.91,0.73,0.68,5,11,0,0,0,0,0,0,0,0,0,0,0,6,0,20.0,-100.0,1.758571428571429,250.34,0.43,8
985427,British Columbia,Vancouver,female,Bachelor,Urban,79507.0,Married,Nova,2019-09-21,2020-01-11,2754.46,Standard,3,2,13,39794,3061.08,0.0,0.0,6,13,0,0,0,0,0,0,0,0,0,0,0,7,0,16.67,-100.0,2.393611111111111,211.88,0.0,4
384146,Alberta,Peace River,female,High School or Below,Suburban,22974.0,Married,Nova,2021-04-29,2021-12-29,2790.23,2021 Promotion,1,2,41,67151,1637.83,0.2,0.0,0,0,0,0,0,0,5,10,10,0,0,0,16,0,41,0.0,0.0,12.408730158730158,68.05,0.0,8
261423,Ontario,Trenton,male,Bachelor,Rural,63223.0,Married,Nova,2019-10-05,2021-11-27,2797.76,Standard,3,2,204,425346,2085.03,0.28,0.02,58,12,32,4,34,32,4,12,8,33,12,4,17,65,80,12.07,23.08,22.73113492063493,13.71,0.32,26
778317,Ontario,Toronto,male,Bachelor,Suburban,43775.0,Married,Nova,2019-12-23,2021-08-12,2803.8,Standard,3,2,244,438774,1798.25,0.25,0.01,83,28,14,31,33,21,24,24,22,25,8,15,0,92,69,10.84,-25.0,21.624349206349212,11.49,0.57,20
372522,British Columbia,Vancouver,male,Bachelor,Suburban,73858.0,Married,Nova,2019-04-16,2021-05-26,2810.67,Standard,3,2,174,339893,1953.41,0.32,0.05,75,7,23,27,24,21,2,13,17,25,0,15,0,83,16,10.67,-80.72,23.641357142857146,16.15,0.17,25
822723,Quebec,Montreal,male,Doctor,Urban,25531.0,Married,Nova,2020-07-22,2020-12-11,2822.59,Standard,5,2,55,145810,2651.09,0.15,0.0,26,0,0,0,0,0,0,0,13,0,4,13,25,29,0,11.54,-100.0,11.605039682539683,51.32,0.0,5
718922,Quebec,Montreal,female,College,Suburban,0.0,Married,Nova,2019-04-03,2021-07-07,2822.73,Standard,2,2,230,345789,1503.43,0.2,0.02,84,22,4,36,14,4,34,17,30,19,4,13,32,93,53,10.71,-43.01,35.77703968253968,12.27,0.42,27
530214,Ontario,Toronto,male,Master,Suburban,17752.0,Married,Nova,2018-02-05,2020-07-03,2831.59,Standard,4,2,59,119037,2017.58,0.64,0.05,28,13,0,10,0,13,23,0,0,0,0,0,0,31,0,10.71,-100.0,11.054373015873017,47.99,0.44,29
190570,Ontario,Toronto,male,Bachelor,Suburban,37124.0,Married,Nova,2020-03-15,2020-11-15,2832.51,Standard,3,2,104,141774,1363.21,0.35,0.0,50,0,0,0,4,0,34,28,23,6,0,10,0,55,0,10.0,-100.0,29.13627777777778,27.24,0.0,8
496403,Saskatchewan,Regina,female,Bachelor,Urban,80306.0,Divorced,Nova,2016-05-02,2020-11-24,2844.85,Standard,3,2,158,282253,1786.41,0.18,0.03,75,11,17,0,19,13,25,38,8,0,13,13,0,83,0,10.67,-100.0,29.339325396825398,18.01,0.39,55
544619,Ontario,Toronto,male,Bachelor,Rural,51159.0,Married,Nova,2020-09-25,2021-05-25,2860.11,Standard,3,2,60,150679,2511.32,0.1,0.0,18,5,11,3,3,0,0,0,0,0,8,6,25,20,22,11.11,10.0,11.861142857142855,47.67,0.0,8
931247,British Columbia,Vancouver,male,Bachelor,Suburban,91368.0,Divorced,Nova,2016-08-16,2020-10-16,2864.54,Standard,3,2,169,375425,2221.45,0.27,0.0,80,2,4,23,13,30,19,40,17,17,4,0,0,89,0,11.25,-100.0,37.34599206349205,16.95,0.0,50
159486,Ontario,London,male,College,Urban,0.0,Single,Nova,2016-11-12,2021-02-24,2876.78,Standard,2,2,120,182484,1520.7,0.42,0.0,57,6,0,0,0,28,21,25,0,21,11,8,0,63,0,10.53,-100.0,24.67335714285714,23.97,0.0,51
976423,British Columbia,Vancouver,male,Bachelor,Urban,80590.0,Married,Nova,2019-06-20,2021-11-28,2891.27,Standard,3,2,315,468332,1486.77,0.33,0.01,115,29,10,36,19,18,34,34,47,17,19,35,17,128,72,11.3,-43.75,29.589396825396825,9.18,1.15,29
487212,British Columbia,Vancouver,male,Bachelor,Suburban,24049.0,Married,Nova,2018-07-17,2021-10-02,2907.36,Standard,3,2,230,487729,2120.56,0.33,0.07,69,31,17,2,18,11,15,30,50,19,15,21,0,77,84,11.59,9.09,31.010563492063486,12.64,0.09,39
835440,Ontario,Toronto,male,Bachelor,Rural,35895.0,Married,Nova,2019-04-30,2021-04-17,2908.88,Standard,3,2,134,287185,2143.17,0.32,0.15,58,1,11,16,22,27,32,15,10,0,0,0,0,65,11,12.07,-83.08,24.717801587301587,21.71,0.07,24
945379,Quebec,Montreal,male,Bachelor,Suburban,51991.0,Married,Nova,2020-12-29,2021-10-27,2927.73,Standard,3,2,44,126794,2881.68,0.05,0.0,0,3,8,0,0,0,5,16,0,0,12,0,0,0,44,0.0,0.0,12.692063492063493,66.54,0.0,10
189854,British Columbia,Vancouver,female,Bachelor,Suburban,45768.0,Married,Nova,2021-05-29,2021-11-19,2931.16,Standard,3,2,14,42200,3014.29,0.07,0.09,0,0,0,0,0,0,0,0,1,2,11,0,0,0,14,0.0,0.0,3.4444444444444446,209.37,0.77,6
164094,Ontario,Toronto,female,Bachelor,Urban,83318.0,Divorced,Nova,2020-03-15,2021-12-29,2957.76,Standard,3,2,150,251389,1675.93,0.14,0.05,40,0,6,0,28,13,4,19,32,12,14,17,4,45,64,12.5,42.22,28.847706349206348,19.72,0.25,21
279634,British Columbia,West Vancouver,female,High School or Below,Rural,22608.0,Married,Nova,2018-02-12,2021-02-26,2961.31,Standard,1,2,116,243560,2099.66,0.21,0.03,50,4,14,0,27,0,13,15,0,10,6,0,28,55,12,10.0,-78.18,21.353230158730167,25.53,0.49,36
569188,Alberta,Calgary,female,Bachelor,Suburban,46131.0,Married,Nova,2017-07-20,2020-04-13,2969.59,Standard,3,2,55,133363,2424.78,0.45,0.0,26,11,21,4,19,0,0,0,0,0,0,0,0,29,0,11.54,-100.0,11.087896825396825,53.99,0.0,33
878510,Saskatchewan,Regina,male,Bachelor,Rural,83873.0,Single,Nova,2020-05-15,2021-01-15,2971.92,Standard,3,2,61,179765,2946.97,0.34,0.05,29,0,0,0,0,0,0,0,4,15,13,21,8,32,0,10.34,-100.0,10.201587301587303,48.72,0.33,8
831812,Ontario,Trenton,male,College,Rural,0.0,Single,Nova,2020-06-01,2021-02-01,2972.46,Standard,2,2,101,241640,2392.48,0.4,0.12,48,0,0,0,0,0,30,10,23,15,0,2,21,53,0,10.42,-100.0,23.549420634920637,29.43,0.11,8
138065,British Columbia,Vancouver,female,College,Urban,0.0,Married,Nova,2020-10-20,2021-06-20,2993.02,Standard,2,2,33,65715,1991.36,0.0,0.0,7,0,0,4,0,12,2,0,0,0,0,8,8,8,18,14.29,125.0,5.465777777777778,90.7,0.0,8
753306,Quebec,Montreal,male,College,Urban,0.0,Single,Nova,2020-11-21,2021-05-27,3011.27,Standard,2,2,19,16801,884.26,0.0,0.0,6,0,0,6,0,0,0,0,0,0,0,0,13,7,6,16.67,-14.29,3.2669444444444435,158.49,0.0,6
371737,Yukon,Whitehorse,female,Bachelor,Rural,42987.0,Divorced,Nova,2021-04-06,2021-12-06,3012.04,2021 Promotion,3,2,49,96446,1968.29,0.33,0.0,0,0,0,0,0,4,4,0,14,0,3,7,17,0,49,0.0,0.0,14.523015873015872,61.47,0.0,8
423473,British Columbia,Dawson Creek,male,College,Suburban,0.0,Divorced,Nova,2021-04-22,2021-12-22,3052.63,2021 Promotion,2,2,37,105412,2848.97,0.49,0.0,0,0,0,0,0,2,17,0,0,7,2,7,2,0,37,0.0,0.0,10.313492063492063,82.5,0.0,8
347850,Nova Scotia,Halifax,female,Bachelor,Rural,42406.0,Married,Nova,2017-02-15,2021-07-27,3055.7,Standard,3,2,183,440900,2409.29,0.28,0.05,66,11,16,39,8,22,13,30,25,10,0,2,8,73,44,10.61,-39.73,23.22135714285714,16.7,0.15,53
303396,Ontario,Ottawa,female,Bachelor,Urban,23970.0,Married,Nova,2017-08-20,2020-01-01,3090.13,Standard,3,2,2,34508,17254.0,0.0,0.0,1,2,0,0,0,0,0,0,0,0,0,0,0,1,0,0.0,-100.0,0.04884920634920635,1545.06,0.0,28
841674,Ontario,Toronto,female,Bachelor,Rural,21604.0,Divorced,Nova,2021-03-12,2021-11-12,3096.51,2021 Promotion,3,2,39,89783,2302.13,0.21,0.0,0,0,0,0,7,12,0,9,9,1,0,1,0,0,39,0.0,0.0,8.992857142857144,79.4,0.0,8
299454,Ontario,Ottawa,male,College,Urban,0.0,Married,Nova,2017-07-18,2021-08-12,3107.59,Standard,2,2,113,278886,2468.02,0.19,0.0,42,0,0,3,26,0,16,25,23,0,4,17,0,47,24,11.9,-48.94,17.235706349206353,27.5,0.0,49
973060,Ontario,Toronto,female,Bachelor,Suburban,23008.0,Married,Nova,2019-04-23,2021-01-18,3118.98,Standard,3,2,172,257985,1499.91,0.26,0.0,80,9,23,28,0,21,23,11,23,0,0,21,13,89,3,11.25,-96.63,28.102753968253968,18.13,0.0,21
293663,New Brunswick,Moncton,male,Bachelor,Suburban,72916.0,Single,Nova,2017-04-27,2020-05-04,3122.98,Standard,3,2,40,143969,3599.22,0.48,0.0,19,0,2,11,19,8,0,0,0,0,0,0,0,21,0,10.53,-100.0,6.6487857142857125,78.07,0.0,36
576658,British Columbia,West Vancouver,female,College,Urban,0.0,Married,Nova,2021-04-13,2021-12-13,3123.08,2021 Promotion,2,2,63,124740,1980.0,0.19,0.03,0,0,0,0,0,11,17,11,0,1,10,5,8,0,63,0.0,0.0,17.45,49.57,0.76,8
998072,Ontario,Ottawa,female,Master,Urban,18486.0,Married,Nova,2017-07-12,2021-01-13,3151.16,Standard,4,2,149,369784,2481.77,0.42,0.0,69,9,13,30,11,0,13,0,28,4,13,23,4,77,3,11.59,-96.1,25.23056349206349,21.15,0.0,42
188307,Ontario,Toronto,female,College,Rural,0.0,Married,Nova,2017-04-17,2021-07-18,3164.49,Standard,2,2,186,308809,1660.26,0.33,0.07,68,15,13,40,3,15,10,52,0,0,10,0,28,75,44,10.29,-41.33,40.490182539682536,17.01,0.14,51
979634,Manitoba,Winnipeg,female,College,Suburban,0.0,Married,Nova,2018-08-07,2021-09-08,3187.35,Standard,2,2,225,481801,2141.34,0.4,0.04,86,11,21,4,0,19,21,28,50,14,8,21,28,96,43,11.63,-55.21,31.795587301587297,14.17,0.18,37
399514,Alberta,Calgary,female,Bachelor,Rural,53984.0,Divorced,Nova,2020-05-04,2021-01-04,3214.98,Standard,3,2,80,207605,2595.06,0.35,0.04,37,2,0,0,0,0,23,0,32,6,6,0,11,41,2,10.81,-95.12,20.232468253968257,40.19,0.43,8
707273,Quebec,Montreal,male,Bachelor,Suburban,91774.0,Single,Nova,2020-02-22,2020-11-28,3226.52,Standard,3,2,112,204377,1824.79,0.19,0.1,53,0,0,0,15,27,0,23,11,10,11,15,0,59,0,11.32,-100.0,19.24523015873017,28.81,0.16,9
532848,British Columbia,Whistler,male,Bachelor,Suburban,60244.0,Married,Nova,2020-09-24,2020-12-08,3238.0,Standard,3,2,17,24573,1445.47,0.47,0.31,8,0,0,0,0,0,0,0,0,0,0,17,0,9,0,12.5,-100.0,3.9567857142857137,190.47,0.42,2
816122,Ontario,Toronto,female,Bachelor,Suburban,60244.0,Married,Nova,2020-09-06,2021-05-06,3238.0,Standard,3,2,70,91420,1306.0,0.1,0.0,15,7,10,3,3,15,0,0,0,0,0,0,32,17,38,13.33,123.53,22.223134920634923,46.26,0.0,8
385638,Nova Scotia,Halifax,female,Bachelor,Urban,89196.0,Divorced,Nova,2019-11-05,2020-07-05,3241.59,Standard,3,2,32,65216,2038.0,0.66,0.0,15,0,4,13,0,8,0,8,0,0,0,0,0,17,0,13.33,-100.0,3.5677063492063494,101.3,0.0,8
299573,Ontario,Toronto,female,Bachelor,Urban,72330.0,Married,Nova,2018-10-05,2021-02-14,3242.04,Standard,3,2,201,329600,1639.8,0.2,0.0,94,26,13,21,0,11,0,36,27,11,15,15,25,104,3,10.64,-97.12,32.446063492063494,16.13,0.0,28
728316,Ontario,Trenton,female,Bachelor,Rural,46435.0,Married,Nova,2020-01-29,2020-09-29,3245.33,Standard,3,2,114,205103,1799.15,0.13,0.0,54,0,0,23,27,21,0,11,17,15,0,0,0,60,0,11.11,-100.0,22.886285714285712,28.47,0.0,8
271641,Alberta,Edmonton,male,College,Rural,0.0,Married,Nova,2021-03-01,2021-12-18,3256.77,2021 Promotion,2,2,49,110771,2260.63,0.12,0.0,0,0,0,3,13,12,0,0,16,0,0,5,0,0,49,0.0,0.0,15.323015873015876,66.46,0.0,10
741725,Ontario,Trenton,female,Bachelor,Rural,25820.0,Divorced,Nova,2016-06-13,2020-06-25,3265.16,Standard,3,2,120,150414,1253.45,0.3,0.06,57,23,0,27,25,21,25,0,0,0,0,0,0,63,0,10.53,-100.0,29.948214285714293,27.21,0.37,48
682654,Ontario,Toronto,female,Bachelor,Suburban,31686.0,Married,Nova,2017-02-20,2020-12-15,3274.19,Standard,3,2,110,343262,3120.56,0.21,0.03,52,11,0,0,11,6,2,36,0,0,15,0,28,58,0,11.54,-100.0,28.216730158730158,29.77,0.35,46
787571,British Columbia,Dawson Creek,male,Bachelor,Rural,72140.0,Divorced,Nova,2019-10-16,2020-06-16,3309.12,Standard,3,2,55,93400,1698.18,0.35,0.12,26,25,0,0,0,15,15,0,0,0,0,0,0,29,0,11.54,-100.0,12.949611111111112,60.17,0.29,8
281737,Ontario,Toronto,male,Bachelor,Suburban,73695.0,Married,Nova,2021-02-03,2021-10-03,3331.45,2021 Promotion,3,2,42,130650,3110.71,0.48,0.0,0,0,0,8,0,2,2,8,12,0,10,0,0,0,42,0.0,0.0,9.457142857142857,79.32,0.0,8
758656,British Columbia,Vancouver,female,College,Suburban,0.0,Married,Nova,2018-10-18,2020-06-30,3342.18,Standard,2,2,63,122850,1950.0,0.33,0.08,30,0,19,6,19,0,19,0,0,0,0,0,0,33,0,10.0,-100.0,12.859642857142859,53.05,0.36,20
157771,Saskatchewan,Regina,female,Bachelor,Suburban,46644.0,Married,Nova,2018-12-17,2020-05-26,3355.53,Standard,3,2,68,80343,1181.51,0.19,0.08,32,6,2,21,13,27,0,0,0,0,0,0,0,36,0,12.5,-100.0,15.731428571428575,49.35,0.49,17
363178,Quebec,Montreal,female,High School or Below,Suburban,16891.0,Single,Nova,2019-11-06,2020-07-06,3359.29,Standard,1,2,55,114669,2084.89,0.24,0.04,26,8,21,23,4,0,0,0,0,0,0,0,0,29,0,11.54,-100.0,12.329039682539682,61.08,0.67,8
110030,Quebec,Montreal,male,Bachelor,Rural,23156.0,Married,Nova,2019-08-07,2020-08-04,3387.78,Standard,3,2,78,182028,2333.69,0.05,0.0,37,11,21,30,0,13,2,0,0,0,0,0,0,41,0,10.81,-100.0,19.127515873015874,43.43,0.0,12
277025,British Columbia,Kelowna,female,Bachelor,Urban,83431.0,Married,Nova,2020-01-03,2020-09-03,3394.72,Standard,3,2,57,138827,2435.56,0.18,0.04,27,0,21,0,4,0,0,11,15,6,0,0,0,30,0,11.11,-100.0,9.52257142857143,59.56,0.56,8
278898,British Columbia,Vancouver,female,Bachelor,Suburban,40272.0,Married,Nova,2020-03-27,2021-10-05,3419.11,Standard,3,2,253,519248,2052.36,0.28,0.0,80,0,5,5,24,31,26,44,46,4,32,6,30,89,84,11.25,-5.62,38.235325396825395,13.51,0.0,18
597209,New Brunswick,Fredericton,male,Master,Rural,11652.0,Married,Nova,2016-11-19,2021-07-28,3420.66,Standard,4,2,228,367497,1611.83,0.17,0.01,80,16,19,40,13,45,0,44,2,27,4,0,17,89,59,11.25,-33.71,37.7480873015873,15.0,0.82,56
815248,Ontario,Toronto,male,Bachelor,Urban,30817.0,Divorced,Nova,2019-09-12,2020-05-12,3436.13,Standard,3,2,34,34301,1008.85,0.0,0.0,16,0,0,10,25,0,0,0,0,0,0,0,0,18,0,12.5,-100.0,9.104285714285716,101.06,0.0,8
611046,Quebec,Quebec City,female,College,Urban,0.0,Divorced,Nova,2020-10-30,2021-06-30,3445.86,Standard,2,2,52,62626,1204.35,0.06,0.0,10,0,6,0,11,0,14,0,0,0,0,21,0,11,31,10.0,181.82,14.205357142857142,66.27,0.0,8
559261,Ontario,Thunder Bay,male,Bachelor,Rural,68082.0,Single,Nova,2020-09-05,2021-05-05,3450.07,Standard,3,2,29,113664,3919.45,0.38,0.0,4,7,0,3,11,0,0,0,0,0,0,2,6,4,21,0.0,425.0,4.982253968253968,118.97,0.0,8
663746,Quebec,Montreal,female,College,Rural,0.0,Single,Nova,2021-07-14,2021-12-23,3472.37,Standard,2,2,34,57801,1700.03,0.44,0.0,0,0,0,0,0,0,0,0,14,9,4,7,0,0,34,0.0,0.0,8.853968253968254,102.13,0.0,5
979639,British Columbia,Dawson Creek,male,Bachelor,Suburban,65162.0,Married,Nova,2020-05-02,2021-12-26,3482.69,Standard,3,2,247,449258,1818.86,0.26,0.02,82,3,3,6,11,5,46,50,39,23,21,6,34,91,74,10.98,-18.68,44.029357142857144,14.1,0.31,20
347276,British Columbia,Whistler,male,High School or Below,Rural,20978.0,Married,Nova,2016-04-16,2020-02-12,3508.57,Standard,1,2,25,42148,1685.92,0.08,0.0,12,11,13,0,0,0,0,0,0,0,0,0,0,13,0,8.33,-100.0,3.9115158730158717,140.34,0.0,46
506749,Nova Scotia,Halifax,female,High School or Below,Rural,20978.0,Married,Nova,2018-03-07,2020-02-12,3508.57,Standard,1,2,4,2878,719.5,0.0,0.0,2,0,4,0,0,0,0,0,0,0,0,0,0,2,0,0.0,-100.0,0.19539682539682537,877.14,0.0,23
247247,Newfoundland,St. John's,female,College,Rural,0.0,Single,Nova,2017-07-10,2020-10-02,3508.93,Standard,2,2,95,269443,2836.24,0.26,0.0,45,13,8,10,13,2,2,0,17,4,27,0,0,50,0,11.11,-100.0,14.66073015873016,36.94,0.0,39
470334,Quebec,Montreal,female,Doctor,Rural,26156.0,Single,Nova,2017-09-11,2021-06-24,3527.4,Standard,5,2,189,306569,1622.06,0.24,0.05,76,7,6,21,8,16,23,25,25,10,15,6,28,84,29,10.53,-65.48,23.67444444444444,18.66,0.22,45
515579,Manitoba,Winnipeg,male,Bachelor,Urban,31278.0,Married,Nova,2017-01-18,2020-05-03,3528.04,Standard,3,2,8,59495,7436.88,1.0,0.11,4,0,8,0,0,0,0,0,0,0,0,0,0,4,0,0.0,-100.0,0.7815873015873015,441.0,0.55,39
199021,British Columbia,Dawson Creek,male,College,Urban,0.0,Single,Nova,2019-11-09,2020-07-09,3530.01,Standard,2,2,99,195820,1977.98,0.1,0.0,47,4,0,25,0,23,32,15,0,0,0,0,0,52,0,10.64,-100.0,26.90139682539683,35.66,0.0,8
677322,Ontario,Ottawa,female,College,Rural,0.0,Married,Nova,2019-07-06,2021-03-15,3548.07,Standard,2,2,178,408784,2296.54,0.35,0.05,76,18,2,21,10,0,10,36,15,15,21,0,30,85,17,11.84,-80.0,30.115071428571433,19.93,0.17,20
441670,Saskatchewan,Regina,male,Bachelor,Urban,58557.0,Married,Nova,2016-01-15,2020-12-15,3554.85,Standard,3,2,110,259056,2355.05,0.05,0.0,52,0,0,10,0,0,25,0,0,25,23,13,15,58,0,11.54,-100.0,22.424730158730153,32.32,0.0,59
937484,Saskatchewan,Regina,male,Bachelor,Rural,73853.0,Single,Nova,2020-11-07,2021-07-07,3571.35,Standard,3,2,32,75124,2347.62,0.38,0.0,0,0,3,12,0,15,0,2,0,0,0,0,0,0,32,0.0,0.0,10.101587301587303,111.6,0.0,8
631801,British Columbia,Victoria,male,Bachelor,Suburban,51950.0,Married,Nova,2021-04-05,2021-12-05,3574.99,2021 Promotion,3,2,58,158684,2735.93,0.41,0.0,0,0,0,0,0,9,5,13,1,8,12,5,5,0,58,0.0,0.0,12.587301587301587,61.64,0.0,8
904802,Manitoba,Winnipeg,male,Bachelor,Suburban,84598.0,Married,Nova,2019-09-15,2020-05-15,3579.77,Standard,3,2,34,99233,2918.62,0.29,0.0,16,13,17,0,0,4,0,0,0,0,0,0,0,18,0,12.5,-100.0,6.001428571428569,105.29,0.0,8
187161,Ontario,Toronto,female,High School or Below,Rural,13457.0,Married,Nova,2019-07-08,2020-03-08,3621.69,Standard,1,2,15,34679,2311.93,0.87,0.0,7,2,0,13,0,0,0,0,0,0,0,0,0,8,0,14.29,-100.0,2.4023492063492062,241.45,0.0,8
975613,British Columbia,Vancouver,female,Bachelor,Suburban,34986.0,Married,Nova,2019-08-19,2020-04-19,3636.94,Standard,3,2,74,106791,1443.12,0.23,0.07,35,11,21,19,23,0,0,0,0,0,0,0,0,39,0,11.43,-100.0,16.379642857142862,49.15,0.48,8
523194,Ontario,Trenton,male,Bachelor,Urban,82477.0,Married,Nova,2021-02-25,2021-10-25,3644.83,2021 Promotion,3,2,76,121969,1604.86,0.32,0.04,0,0,0,7,0,7,19,21,15,7,0,0,0,0,76,0.0,0.0,28.95873015873016,47.96,0.73,8
750454,Ontario,Sudbury,male,Bachelor,Urban,69555.0,Single,Nova,2020-11-22,2021-07-22,3673.53,Standard,3,2,50,154091,3081.82,0.36,0.02,4,5,0,10,6,7,2,10,0,0,0,0,10,5,40,25.0,700.0,8.319642857142858,73.47,1.23,8
543456,Ontario,Kingston,female,College,Urban,0.0,Married,Nova,2020-10-27,2021-06-27,3681.25,Standard,2,2,7,28190,4027.14,1.0,0.0,3,1,0,0,0,0,0,0,0,0,0,6,0,3,1,0.0,-66.67,0.4583730158730158,525.89,0.0,8
734938,Yukon,Whitehorse,female,Bachelor,Rural,36710.0,Single,Nova,2019-12-05,2020-08-05,3700.68,Standard,3,2,91,189582,2083.32,0.12,0.0,43,17,13,10,0,0,0,19,32,0,0,0,0,48,0,11.63,-100.0,21.53142857142857,40.67,0.0,8
580068,Quebec,Tremblant,male,Bachelor,Rural,23120.0,Married,Nova,2018-01-08,2020-08-04,3703.44,Standard,3,2,82,147467,1798.38,0.26,0.0,39,10,2,25,27,0,0,19,0,0,0,0,0,43,0,10.26,-100.0,20.09418253968254,45.16,0.0,31
189294,Quebec,Montreal,male,High School or Below,Urban,16476.0,Divorced,Nova,2021-02-11,2021-10-11,3707.28,2021 Promotion,1,2,54,91125,1687.5,0.13,0.0,0,0,0,7,10,0,0,19,0,12,6,0,0,0,54,0.0,0.0,17.4,68.65,0.0,8
504663,British Columbia,West Vancouver,female,College,Suburban,0.0,Single,Nova,2020-01-31,2020-09-30,3709.92,Standard,2,2,55,60815,1105.73,0.0,0.0,26,0,2,0,0,23,30,0,0,0,0,0,0,29,0,11.54,-100.0,18.327896825396834,67.45,0.0,8
540796,Saskatchewan,Regina,male,College,Suburban,0.0,Married,Nova,2017-08-15,2020-02-26,3731.5,Standard,2,2,44,58966,1340.14,0.23,0.12,21,21,23,0,0,0,0,0,0,0,0,0,0,23,0,9.52,-100.0,12.188658730158734,84.81,0.51,30
945761,Nova Scotia,Halifax,male,College,Suburban,0.0,Married,Nova,2020-11-04,2021-07-04,3731.5,Standard,2,2,23,83060,3611.3,0.3,0.04,0,0,6,7,7,3,0,0,0,0,0,0,0,0,23,0.0,0.0,3.665873015873015,162.24,1.12,8
467510,British Columbia,Vancouver,male,Doctor,Suburban,13093.0,Divorced,Nova,2017-09-29,2021-02-07,3741.57,Standard,5,2,131,174741,1333.9,0.24,0.0,53,10,30,0,0,6,27,17,4,25,0,13,0,59,19,11.32,-67.8,24.059071428571436,28.56,0.0,40
999891,Nova Scotia,Halifax,female,Bachelor,Suburban,59732.0,Married,Nova,2019-05-22,2020-01-22,3745.37,Standard,3,2,2,42026,21013.0,1.0,0.15,1,2,0,0,0,0,0,0,0,0,0,0,0,1,0,0.0,-100.0,0.04884920634920635,1872.68,0.61,8
838784,Quebec,Montreal,female,Bachelor,Rural,43412.0,Married,Nova,2020-04-01,2020-12-01,3768.09,Standard,3,2,104,248668,2391.04,0.18,0.0,50,0,0,0,10,13,21,15,0,0,4,21,21,55,0,10.0,-100.0,17.44884920634921,36.23,0.0,8
261426,Ontario,Toronto,male,Bachelor,Urban,48887.0,Divorced,Nova,2020-07-09,2021-03-09,3788.65,Standard,3,2,48,116061,2417.94,0.33,0.1,20,3,3,0,0,0,0,0,27,6,10,0,0,22,6,10.0,-72.73,10.595206349206348,78.93,0.34,8
898587,Manitoba,Winnipeg,female,Bachelor,Suburban,66169.0,Married,Nova,2019-05-27,2020-01-27,3790.19,Standard,3,2,13,33575,2582.69,0.15,0.0,6,13,0,0,0,0,0,0,0,0,0,0,0,7,0,16.67,-100.0,2.393611111111111,291.55,0.0,8
803586,Ontario,London,female,College,Suburban,0.0,Married,Nova,2017-07-05,2021-03-25,3799.75,Standard,2,2,113,175893,1556.58,0.4,0.03,45,8,33,0,21,17,0,23,0,0,8,0,4,50,18,11.11,-64.0,20.925873015873012,33.63,0.67,45
859508,Ontario,Ottawa,female,Bachelor,Rural,26050.0,Married,Nova,2020-11-07,2021-07-07,3803.8,Standard,3,2,47,145157,3088.45,0.36,0.03,1,7,5,0,0,6,8,19,0,0,0,0,2,1,45,0.0,4400.0,13.59170634920635,80.93,0.88,8
190149,Ontario,Toronto,male,College,Suburban,0.0,Single,Nova,2017-01-18,2021-07-21,3849.6,Standard,2,2,227,460222,2027.41,0.33,0.02,94,5,25,7,5,26,53,32,15,13,15,25,6,104,29,10.64,-72.12,36.5628253968254,16.96,0.39,54
482351,Quebec,Montreal,male,Bachelor,Urban,93272.0,Married,Nova,2021-04-17,2021-12-17,3861.49,2021 Promotion,3,2,72,85569,1188.46,0.08,0.06,0,0,0,0,0,1,15,4,13,9,13,0,17,0,72,0.0,0.0,23.02857142857143,53.63,0.76,8
363866,New Brunswick,Fredericton,female,Master,Urban,28142.0,Married,Nova,2019-09-01,2020-04-27,3873.65,Standard,4,2,53,90073,1699.49,0.19,0.0,25,6,15,21,11,0,0,0,0,0,0,0,0,28,0,12.0,-100.0,9.648063492063491,73.09,0.0,8
211715,Ontario,Toronto,female,Bachelor,Suburban,60068.0,Married,Nova,2020-04-22,2020-12-22,3903.47,Standard,3,2,21,66025,3144.05,0.1,0.0,10,0,0,0,0,0,0,0,21,0,0,0,0,11,0,10.0,-100.0,5.910753968253968,185.88,0.0,8
946172,Quebec,Montreal,female,Bachelor,Rural,66676.0,Married,Nova,2017-06-03,2021-05-07,3919.37,Standard,3,2,142,275058,1937.03,0.23,0.08,57,36,4,2,5,13,6,10,30,0,23,0,13,63,22,10.53,-65.08,25.05894444444445,27.6,0.19,47
769976,Manitoba,Winnipeg,male,College,Rural,0.0,Married,Nova,2020-03-21,2020-11-21,4004.55,Standard,2,2,110,259052,2355.02,0.35,0.0,52,0,0,0,4,28,21,28,0,11,4,13,0,58,0,11.54,-100.0,24.700158730158723,36.4,0.0,8
432564,Quebec,Tremblant,male,Bachelor,Urban,37384.0,Married,Nova,2020-09-04,2021-05-04,4014.45,Standard,3,2,49,138506,2826.65,0.47,0.02,13,3,0,9,10,0,0,0,0,0,25,2,0,14,22,7.69,57.14,12.345428571428574,81.93,1.25,8
191057,Quebec,Tremblant,female,Bachelor,Urban,27782.0,Married,Nova,2016-09-20,2021-04-22,4027.7,Standard,3,2,151,197265,1306.39,0.25,0.03,65,28,0,21,34,11,23,23,0,0,10,2,0,72,14,10.77,-80.56,26.210158730158717,26.67,0.62,55
736615,British Columbia,Vancouver,male,Master,Suburban,26161.0,Single,Nova,2018-12-08,2021-06-23,4064.67,Standard,4,2,97,268838,2771.53,0.24,0.09,36,6,29,11,1,0,14,27,2,0,8,0,0,40,21,11.11,-47.5,16.171968253968256,41.9,0.16,30
622036,Quebec,Tremblant,male,Bachelor,Suburban,57031.0,Married,Nova,2021-05-12,2021-09-01,4078.29,Standard,3,2,30,94076,3135.87,0.57,0.0,0,0,0,0,0,0,19,4,2,5,0,0,0,0,30,0.0,0.0,10.88571428571429,135.94,0.0,4
577872,Alberta,Banff,female,Bachelor,Urban,34378.0,Married,Nova,2019-02-27,2021-01-26,4118.54,Standard,3,2,121,289483,2392.42,0.23,0.0,53,9,6,13,17,6,0,30,0,15,6,8,11,59,9,11.32,-84.75,18.0320873015873,34.04,0.0,23
965154,Quebec,Montreal,female,College,Rural,0.0,Single,Nova,2020-12-25,2021-08-25,4127.5,Standard,2,2,37,89163,2409.81,0.3,0.08,0,8,2,12,9,2,0,0,4,0,0,0,0,0,37,0.0,0.0,7.856349206349207,111.55,0.56,8
532945,British Columbia,Victoria,male,College,Rural,0.0,Single,Nova,2021-02-21,2021-10-21,4159.59,2021 Promotion,2,2,48,139766,2911.79,0.23,0.07,0,0,0,3,0,6,2,16,17,0,4,0,0,0,48,0.0,0.0,15.6,86.66,0.43,8
286262,Ontario,Ottawa,female,Bachelor,Rural,44222.0,Married,Nova,2018-12-23,2021-06-21,4177.29,Standard,3,2,157,406873,2591.55,0.34,0.05,60,8,16,6,24,14,15,10,17,8,11,0,28,67,30,11.67,-55.22,16.321039682539684,26.61,0.21,30
817070,British Columbia,Vancouver,female,Bachelor,Urban,40864.0,Married,Nova,2018-10-22,2021-12-30,4282.95,Standard,3,2,184,459671,2498.21,0.3,0.03,68,26,5,0,24,0,42,0,28,4,12,13,30,76,40,11.76,-47.37,29.047492063492065,23.28,0.31,38
877352,Ontario,Toronto,female,College,Urban,0.0,Married,Nova,2019-12-01,2020-08-01,4358.55,Standard,2,2,78,283605,3635.96,0.17,0.0,37,17,6,13,17,0,2,10,13,0,0,0,0,41,0,10.81,-100.0,10.439515873015875,55.88,0.0,8
221254,British Columbia,Vancouver,male,Bachelor,Suburban,58842.0,Married,Nova,2018-04-08,2021-04-25,4362.93,Standard,3,2,196,326559,1666.12,0.18,0.09,84,21,2,38,19,10,13,11,25,25,0,0,32,93,19,10.71,-79.57,31.217801587301587,22.26,0.16,37
612013,Quebec,Montreal,male,Bachelor,Suburban,31196.0,Single,Nova,2020-06-04,2021-02-04,4455.52,Standard,3,2,69,122014,1768.32,0.3,0.0,28,10,0,0,0,0,0,23,15,0,0,0,21,31,10,10.71,-67.74,16.103515873015873,64.57,0.0,8
770362,Saskatchewan,Regina,male,College,Rural,0.0,Divorced,Nova,2020-10-15,2021-06-15,4460.42,Standard,2,2,66,94854,1437.18,0.23,0.0,25,3,0,6,4,0,0,0,0,0,0,23,30,28,13,12.0,-53.57,18.950444444444447,67.58,0.0,8
352026,Ontario,Toronto,female,Bachelor,Rural,61846.0,Married,Nova,2019-12-10,2020-08-10,4465.34,Standard,3,2,93,164202,1765.61,0.32,0.04,44,10,0,21,0,28,0,34,0,0,0,0,0,49,0,11.36,-100.0,29.06237301587301,48.01,0.65,8
226387,Ontario,Kingston,female,Bachelor,Rural,62977.0,Single,Nova,2020-06-21,2021-02-21,4482.02,Standard,3,2,66,156857,2376.62,0.23,0.0,21,12,10,0,0,0,0,11,0,0,0,4,28,23,22,9.52,-4.35,17.249928571428566,67.91,0.0,8
401424,Quebec,Montreal,male,College,Urban,0.0,Married,Nova,2016-12-27,2020-07-26,4491.91,Standard,2,2,116,185220,1596.72,0.16,0.04,55,23,10,4,13,21,17,28,0,0,0,0,0,61,0,10.91,-100.0,22.901611111111112,38.72,0.58,43
774249,Quebec,Montreal,male,College,Urban,0.0,Single,Nova,2018-05-28,2020-03-04,4502.98,Standard,2,2,11,27674,2515.82,0.91,0.0,5,11,0,0,0,0,0,0,0,0,0,0,0,6,0,20.0,-100.0,1.758571428571429,409.36,0.0,21
640920,Ontario,Toronto,male,Bachelor,Suburban,67801.0,Divorced,Nova,2019-06-01,2020-02-01,4505.41,Standard,3,2,13,5662,435.54,0.31,0.0,6,0,13,0,0,0,0,0,0,0,0,0,0,7,0,16.67,-100.0,2.393611111111111,346.57,0.0,8
182320,Alberta,Edmonton,male,College,Urban,0.0,Single,Nova,2017-05-03,2021-06-03,4506.66,Standard,2,2,179,258833,1445.99,0.23,0.02,75,9,0,13,4,25,10,36,0,15,13,25,28,83,21,10.67,-74.7,35.583515873015884,25.18,0.78,49
587136,Ontario,Toronto,male,Bachelor,Suburban,64270.0,Single,Nova,2017-05-11,2020-11-09,4529.97,Standard,3,2,108,303970,2814.54,0.31,0.04,51,2,0,4,0,0,28,6,34,23,11,0,0,57,0,11.76,-100.0,29.115071428571433,41.94,0.38,42
204237,British Columbia,Vancouver,male,College,Rural,0.0,Single,Nova,2019-01-30,2021-03-14,4595.04,Standard,2,2,85,231024,2717.93,0.18,0.04,38,11,18,4,0,0,10,0,2,2,21,0,17,42,5,10.53,-88.1,12.671682539682541,54.06,0.56,25
425717,Quebec,Tremblant,male,College,Suburban,0.0,Married,Nova,2016-05-07,2021-05-08,4648.54,Standard,2,2,196,327922,1673.07,0.18,0.02,76,12,5,35,17,28,23,17,34,13,0,6,8,85,35,11.84,-58.82,25.968214285714282,23.72,0.72,60
148258,Ontario,Trenton,male,Bachelor,Urban,81883.0,Married,Nova,2020-03-10,2021-09-05,4654.58,Standard,3,2,196,463972,2367.2,0.28,0.06,73,7,3,1,23,21,46,37,22,5,25,2,4,81,42,10.96,-48.15,36.08764285714285,23.75,0.17,18
381065,Manitoba,Winnipeg,male,Bachelor,Rural,76157.0,Married,Nova,2018-08-15,2020-03-26,4669.23,Standard,3,2,8,18960,2370.0,1.0,0.0,4,0,8,0,0,0,0,0,0,0,0,0,0,4,0,0.0,-100.0,0.7815873015873015,583.65,0.0,19
148570,Ontario,Sudbury,male,Bachelor,Suburban,27985.0,Married,Nova,2021-03-30,2021-08-11,4698.52,2021 Promotion,3,2,184,424568,2307.43,0.21,0.01,58,30,19,15,16,13,15,29,2,0,6,10,30,65,61,12.07,-6.15,23.95735714285714,25.54,0.99,4
992065,Alberta,Banff,female,Bachelor,Urban,69833.0,Married,Nova,2020-10-27,2021-06-27,4731.75,Standard,3,2,47,103713,2206.66,0.21,0.0,11,5,0,0,0,1,18,0,0,0,0,2,21,12,24,9.09,100.0,14.570857142857141,100.68,0.0,8
757270,Alberta,Edmonton,male,College,Urban,0.0,Married,Nova,2019-12-02,2020-08-02,4737.87,Standard,2,2,106,185638,1751.3,0.18,0.0,50,17,8,19,2,25,0,34,2,0,0,0,0,56,0,12.0,-100.0,26.801396825396832,44.7,0.0,8
453165,Alberta,Banff,female,College,Rural,0.0,Single,Nova,2020-03-28,2020-06-28,4738.99,Standard,2,2,57,60422,1060.04,0.23,0.09,27,0,0,0,23,28,6,0,0,0,0,0,0,30,0,11.11,-100.0,16.969428571428566,83.14,0.9,3
998972,British Columbia,West Vancouver,female,College,Rural,0.0,Married,Nova,2016-06-28,2020-12-21,4739.3,Standard,2,2,152,443014,2914.57,0.3,0.08,72,13,8,0,17,6,0,32,13,10,8,25,21,80,0,11.11,-100.0,24.276063492063496,31.18,0.14,54
862659,British Columbia,Vancouver,male,College,Urban,0.0,Single,Nova,2016-12-03,2021-03-22,4741.81,Standard,2,2,175,273921,1565.26,0.22,0.05,73,2,16,20,0,27,25,17,0,25,25,0,19,81,21,10.96,-74.07,30.24764285714285,27.1,0.36,52
203947,Ontario,Sudbury,male,Master,Rural,20993.0,Divorced,Nova,2020-01-26,2020-07-11,4772.94,Standard,4,2,61,179197,2937.66,0.59,0.0,29,0,19,13,11,0,0,17,0,0,0,0,0,32,0,10.34,-100.0,10.82215873015873,78.24,0.0,5
394946,Quebec,Hull,female,College,Rural,0.0,Divorced,Nova,2019-11-30,2020-07-30,4778.68,Standard,2,2,61,74892,1227.74,0.28,0.12,29,2,0,27,19,0,13,0,0,0,0,0,0,32,0,10.34,-100.0,14.959301587301587,78.34,0.54,8
331669,Quebec,Montreal,female,College,Suburban,0.0,Single,Nova,2020-02-08,2020-10-08,4787.21,Standard,2,2,44,67346,1530.59,0.3,0.12,21,0,0,13,0,0,21,0,6,4,0,0,0,23,0,9.52,-100.0,7.948087301587303,108.8,0.6,8
853232,Ontario,London,male,Bachelor,Rural,38713.0,Divorced,Nova,2019-09-19,2020-05-19,4834.71,Standard,3,2,66,115917,1756.32,0.2,0.06,32,0,13,21,8,25,0,0,0,0,0,0,0,35,0,9.38,-100.0,14.84884920634921,73.25,0.7,8
511981,Quebec,Montreal,female,Bachelor,Urban,23449.0,Married,Nova,2017-02-12,2020-04-10,4841.06,Standard,3,2,38,63661,1675.29,0.5,0.1,18,2,0,23,13,0,0,0,0,0,0,0,0,20,0,11.11,-100.0,8.886539682539684,127.4,0.74,38
255032,Quebec,Quebec City,male,College,Suburban,0.0,Married,Nova,2019-10-30,2020-08-19,4845.0,Standard,2,2,74,114011,1540.69,0.28,0.07,35,8,0,0,0,17,19,30,0,0,0,0,0,39,0,11.43,-100.0,19.068785714285713,65.47,0.57,10
319193,Ontario,Sudbury,female,Bachelor,Rural,36413.0,Married,Nova,2019-10-21,2020-06-21,4849.7,Standard,3,2,76,161293,2122.28,0.37,0.03,36,21,6,10,19,21,0,0,0,0,0,0,0,40,0,11.11,-100.0,14.860444444444445,63.81,0.94,8
108346,Alberta,Banff,female,Bachelor,Urban,29834.0,Single,Nova,2020-12-26,2021-08-26,4854.75,Standard,3,2,38,76126,2003.32,0.21,0.0,0,4,1,8,7,10,0,0,8,0,0,0,0,0,38,0.0,0.0,7.253968253968254,127.76,0.0,8
324013,British Columbia,Dawson Creek,male,Bachelor,Suburban,26480.0,Divorced,Nova,2020-07-06,2020-10-20,4858.43,Standard,3,2,34,47090,1385.0,0.56,0.2,16,0,0,0,0,0,0,0,25,0,10,0,0,18,0,12.5,-100.0,9.104285714285714,142.9,0.52,3
257369,Quebec,Montreal,female,Bachelor,Urban,52728.0,Divorced,Nova,2019-10-15,2020-06-15,4863.47,Standard,3,2,72,144271,2003.76,0.14,0.0,34,0,4,30,23,11,4,0,0,0,0,0,0,38,0,11.76,-100.0,18.823968253968253,67.55,0.0,8
602649,Manitoba,Winnipeg,female,Doctor,Suburban,20178.0,Divorced,Nova,2016-09-06,2020-07-11,4877.95,Standard,5,2,84,186073,2215.15,0.3,0.12,40,15,2,0,19,0,36,11,0,0,0,0,0,44,0,10.0,-100.0,23.516634920634928,58.07,0.22,46
942926,Ontario,Toronto,male,Bachelor,Rural,58682.0,Married,Nova,2018-10-30,2021-12-22,4883.81,Standard,3,2,121,278716,2303.44,0.3,0.02,31,0,0,6,8,10,16,10,29,4,25,13,0,34,56,9.68,64.71,20.613428571428567,40.36,0.88,38
643362,Quebec,Tremblant,female,Bachelor,Urban,30503.0,Married,Nova,2016-12-03,2020-11-14,4897.98,Standard,3,2,116,247010,2129.4,0.09,0.0,55,0,23,25,0,8,0,15,8,19,0,19,0,61,0,10.91,-100.0,20.833039682539685,42.22,0.0,47
607993,Quebec,Quebec City,male,Bachelor,Suburban,52796.0,Divorced,Nova,2017-01-30,2020-12-25,4911.46,Standard,3,2,65,96718,1487.97,0.12,0.08,31,0,6,2,2,0,11,0,17,0,27,0,0,34,0,9.68,-100.0,13.443396825396826,75.56,0.61,47
871739,Manitoba,Winnipeg,male,High School or Below,Suburban,22842.0,Married,Nova,2019-09-25,2020-05-25,4958.02,Standard,1,2,44,103780,2358.64,0.48,0.0,21,6,2,6,0,30,0,0,0,0,0,0,0,23,0,9.52,-100.0,12.705801587301591,112.68,0.0,8
631200,British Columbia,Vancouver,male,Bachelor,Urban,98451.0,Married,Nova,2018-12-31,2021-07-01,4964.67,Standard,3,2,115,393123,3418.46,0.27,0.03,33,7,22,12,10,23,10,21,0,10,0,2,0,37,45,12.12,21.62,16.708849206349203,43.17,0.39,30
871188,Quebec,Montreal,male,College,Urban,0.0,Single,Nova,2021-01-13,2021-09-13,4974.24,Standard,2,2,37,69484,1877.95,0.32,0.07,0,0,5,3,0,10,1,13,5,0,0,0,0,0,37,0.0,0.0,8.313492063492065,134.44,1.07,8
383954,Ontario,Toronto,female,Bachelor,Rural,53265.0,Married,Nova,2016-07-11,2021-06-20,4980.83,Standard,3,2,103,285709,2773.87,0.5,0.0,44,1,6,3,0,0,15,19,10,0,15,13,21,49,10,11.36,-79.59,14.753230158730158,48.36,0.0,59
331995,Quebec,Montreal,male,Bachelor,Urban,86305.0,Married,Nova,2020-02-20,2020-10-20,4984.62,Standard,3,2,42,138835,3305.6,0.24,0.0,20,0,0,0,10,0,0,32,0,0,0,0,0,22,0,10.0,-100.0,14.851587301587298,118.68,0.0,8
462279,Quebec,Hull,male,Bachelor,Suburban,82413.0,Divorced,Nova,2021-04-09,2021-12-09,4995.21,2021 Promotion,3,2,66,49618,751.79,0.35,0.0,0,0,0,0,0,0,16,0,12,5,13,5,15,0,66,0.0,0.0,20.65714285714286,75.68,0.0,8
452985,Ontario,Trenton,female,College,Urban,0.0,Single,Nova,2020-04-27,2020-07-12,5007.22,Standard,2,2,61,122202,2003.31,0.34,0.0,29,0,0,0,0,0,27,34,0,0,0,0,0,32,0,10.34,-100.0,23.957587301587303,82.09,0.0,2
615054,Ontario,Toronto,female,Bachelor,Rural,61080.0,Single,Nova,2016-06-11,2021-05-15,5049.69,Standard,3,2,146,289114,1980.23,0.24,0.03,53,7,11,9,11,23,38,0,25,0,0,6,17,59,34,11.32,-42.37,30.745357142857152,34.59,0.68,59
288451,Nova Scotia,Halifax,male,Bachelor,Suburban,43460.0,Married,Nova,2020-09-17,2021-01-23,5065.94,Standard,3,2,24,43218,1800.75,0.25,0.12,10,3,0,0,0,0,0,0,0,0,0,4,17,11,3,10.0,-72.73,4.199515873015871,211.08,0.98,4
394196,Ontario,Toronto,male,Bachelor,Rural,31475.0,Married,Nova,2021-06-22,2021-12-07,5068.26,Standard,3,2,51,84152,1650.04,0.24,0.0,0,0,0,0,0,0,0,12,16,1,10,5,7,0,51,0.0,0.0,14.364285714285714,99.38,0.0,6
462337,Quebec,Quebec City,female,Bachelor,Rural,26890.0,Married,Nova,2020-05-20,2021-07-07,5119.9,Standard,3,2,88,69325,787.78,0.24,0.0,32,9,0,0,0,1,8,46,25,0,0,0,0,35,22,9.38,-37.14,26.56364285714285,58.18,0.0,14
602086,Ontario,London,female,Bachelor,Rural,35666.0,Divorced,Nova,2018-06-09,2020-11-04,5142.39,Standard,3,2,142,306337,2157.3,0.18,0.0,68,15,0,0,27,6,4,36,19,0,23,13,0,75,0,10.29,-100.0,31.82307142857143,36.21,0.0,29
397787,Newfoundland,St. John's,male,Bachelor,Rural,56334.0,Married,Nova,2020-12-27,2021-08-27,5169.56,Standard,3,2,47,126343,2688.15,0.13,0.0,0,7,0,7,3,15,9,6,0,0,0,0,0,0,47,0.0,0.0,11.075396825396824,109.99,0.0,8
893555,British Columbia,Vancouver,female,College,Urban,0.0,Single,Nova,2019-05-04,2020-01-04,5179.55,Standard,2,2,8,34840,4355.0,0.25,0.0,4,8,0,0,0,0,0,0,0,0,0,0,0,4,0,0.0,-100.0,0.7815873015873016,647.44,0.0,8
724979,Saskatchewan,Regina,female,Bachelor,Urban,82166.0,Single,Nova,2020-04-24,2021-05-05,5189.29,Standard,3,2,90,255177,2835.3,0.09,0.04,31,1,6,15,3,0,21,0,17,6,15,6,0,34,25,9.68,-26.47,16.05815873015873,57.66,0.55,12
728818,New Brunswick,Moncton,female,Bachelor,Urban,86451.0,Single,Nova,2020-01-13,2020-09-13,5191.45,Standard,3,2,165,208061,1260.98,0.05,0.0,78,0,19,21,13,0,36,30,21,25,0,0,0,87,0,11.54,-100.0,39.18192857142856,31.46,0.0,8
256821,Ontario,Sudbury,male,Bachelor,Rural,51883.0,Married,Nova,2020-09-30,2021-06-16,5194.65,Standard,3,2,28,95348,3405.29,0.36,0.07,1,0,0,6,6,7,7,0,0,0,0,2,0,1,26,0.0,2500.0,4.291071428571427,185.52,0.78,9
840667,Ontario,Toronto,female,Bachelor,Urban,21952.0,Married,Nova,2018-03-25,2021-11-05,5207.64,Standard,3,2,177,372060,2102.03,0.21,0.03,45,10,28,17,32,6,12,11,9,6,20,13,13,50,82,11.11,64.0,20.842000000000002,29.42,0.45,43
533157,British Columbia,West Vancouver,male,Bachelor,Urban,57733.0,Married,Nova,2018-12-30,2021-12-21,5225.03,Standard,3,2,186,349625,1879.7,0.35,0.08,58,11,11,2,16,7,33,19,45,11,0,25,6,64,64,10.34,0.0,30.479682539682543,28.09,0.2,36
492700,British Columbia,Whistler,male,Bachelor,Rural,32630.0,Married,Nova,2019-07-29,2020-03-29,5230.09,Standard,3,2,34,117471,3455.03,0.29,0.0,16,2,11,21,0,0,0,0,0,0,0,0,0,18,0,12.5,-100.0,7.242571428571428,153.83,0.0,8
598706,Ontario,Toronto,male,Bachelor,Suburban,68131.0,Married,Nova,2016-12-22,2021-03-14,5244.4,Standard,3,2,159,339263,2133.73,0.19,0.02,63,31,6,10,23,0,27,23,0,10,4,8,19,70,26,11.11,-62.86,25.46428571428571,32.98,0.71,51
961650,Ontario,Kingston,male,Bachelor,Rural,77167.0,Divorced,Nova,2018-03-03,2020-04-25,5279.2,Standard,3,2,48,83585,1741.35,0.44,0.0,22,10,13,25,0,0,0,0,0,0,0,0,0,25,0,13.64,-100.0,10.77589682539683,109.98,0.0,26
701792,Ontario,Toronto,female,Bachelor,Rural,39658.0,Married,Nova,2018-10-20,2020-10-23,5281.83,Standard,3,2,93,228509,2457.09,0.25,0.04,44,0,0,27,0,0,13,0,27,13,13,0,0,49,0,11.36,-100.0,20.99494444444444,56.79,0.56,24
715555,Ontario,Toronto,male,High School or Below,Suburban,14775.0,Married,Nova,2020-09-01,2021-05-01,5297.63,Standard,1,2,31,128903,4158.16,0.26,0.04,11,2,3,0,3,0,0,0,0,0,8,15,0,12,8,9.09,-33.33,4.012825396825397,170.89,1.06,8
533213,Ontario,Thunder Bay,male,Bachelor,Urban,66467.0,Married,Nova,2020-04-13,2020-12-13,5314.96,Standard,3,2,112,192854,1721.91,0.07,0.0,53,0,0,0,0,2,34,0,19,21,15,13,8,59,0,11.32,-100.0,24.933801587301595,47.46,0.0,8
257463,British Columbia,Vancouver,female,Bachelor,Rural,84424.0,Married,Nova,2020-11-22,2021-07-22,5339.39,Standard,3,2,31,94728,3055.74,0.32,0.0,1,9,1,0,11,0,8,0,0,0,0,0,2,1,29,0.0,2800.0,6.922499999999999,172.24,0.0,8
372175,Ontario,Toronto,male,High School or Below,Suburban,25545.0,Married,Nova,2016-02-23,2020-04-01,5348.07,Standard,1,2,25,66272,2650.88,0.24,0.0,12,11,0,13,0,0,0,0,0,0,0,0,0,13,0,8.33,-100.0,3.9115158730158726,213.92,0.0,49
240365,Quebec,Montreal,male,Bachelor,Suburban,93818.0,Married,Nova,2019-06-17,2020-02-17,5380.31,Standard,3,2,30,58978,1965.93,0.63,0.0,14,11,19,0,0,0,0,0,0,0,0,0,0,16,0,14.29,-100.0,6.299682539682539,179.34,0.0,8
541040,New Brunswick,Fredericton,female,Bachelor,Urban,93818.0,Married,Nova,2020-09-25,2021-05-25,5380.31,Standard,3,2,68,83381,1226.19,0.41,0.12,22,8,5,0,9,0,0,0,0,0,6,13,27,24,22,9.09,-8.33,14.365777777777778,79.12,0.56,8
216652,Alberta,Edmonton,male,Bachelor,Rural,56835.0,Married,Nova,2021-02-13,2021-10-13,5387.93,2021 Promotion,3,2,48,106169,2211.85,0.25,0.02,0,0,0,0,4,0,18,20,0,2,4,0,0,0,48,0.0,0.0,19.885714285714283,112.25,2.24,8
826697,British Columbia,Vancouver,female,Bachelor,Rural,66429.0,Married,Nova,2019-07-11,2020-03-11,5389.5,Standard,3,2,19,75219,3958.89,1.0,0.0,9,4,0,15,0,0,0,0,0,0,0,0,0,10,0,11.11,-100.0,3.230063492063492,283.66,0.0,8
844222,Ontario,Toronto,male,Bachelor,Suburban,66429.0,Married,Nova,2020-02-27,2020-10-27,5389.5,Standard,3,2,57,138046,2421.86,0.53,0.06,27,0,0,13,8,0,17,0,2,0,17,0,0,30,0,11.11,-100.0,9.212285714285713,94.55,0.66,8
777418,British Columbia,Whistler,female,Bachelor,Rural,62039.0,Married,Nova,2020-12-11,2021-08-11,5396.31,Standard,3,2,69,100195,1452.1,0.2,0.05,0,5,0,10,9,6,19,16,4,0,0,0,0,0,69,0.0,0.0,21.221428571428575,78.21,1.09,8
969653,New Brunswick,Fredericton,male,Doctor,Urban,22555.0,Married,Nova,2016-02-26,2021-01-21,5407.75,Standard,5,2,126,214799,1704.75,0.1,0.0,57,29,19,4,11,0,0,0,25,0,25,13,0,63,6,10.53,-90.48,23.188785714285718,42.92,0.0,59
407478,Manitoba,Winnipeg,female,Bachelor,Rural,20472.0,Single,Nova,2016-01-16,2020-04-21,5408.89,Standard,3,2,53,177977,3358.06,0.0,0.0,25,6,6,21,21,0,0,0,0,0,0,0,0,28,0,12.0,-100.0,11.199492063492064,102.05,0.0,51
450735,Newfoundland,St. John's,male,Bachelor,Suburban,76389.0,Married,Nova,2021-02-05,2021-10-05,5450.57,2021 Promotion,3,2,47,88703,1887.3,0.38,0.06,0,0,0,6,10,3,7,0,9,6,6,0,0,0,47,0.0,0.0,8.16111111111111,115.97,1.03,8
453135,British Columbia,Vancouver,male,Bachelor,Urban,33818.0,Single,Nova,2016-09-07,2021-12-24,5453.71,Standard,3,2,234,413748,1768.15,0.32,0.05,71,11,3,10,7,38,34,34,27,31,12,11,17,79,84,11.27,6.33,30.82142063492063,23.31,0.27,64
744860,Quebec,Montreal,female,Bachelor,Suburban,24910.0,Married,Nova,2018-05-07,2021-01-31,5470.18,Standard,3,2,146,191973,1314.88,0.35,0.03,69,21,15,0,19,30,6,0,0,28,15,4,8,77,0,11.59,-100.0,27.435515873015877,37.47,0.95,33
606712,Ontario,Ottawa,female,Bachelor,Suburban,56005.0,Married,Nova,2017-10-22,2021-04-05,5479.56,Standard,3,2,158,322824,2043.19,0.2,0.03,70,10,0,30,8,11,0,21,0,25,15,21,17,78,10,11.43,-87.18,27.67539682539683,34.68,0.57,41
837526,British Columbia,Vancouver,female,Bachelor,Rural,46971.0,Married,Nova,2021-01-15,2021-09-15,5522.77,Standard,3,2,39,53506,1371.95,0.13,0.08,0,0,0,3,9,0,12,0,0,15,0,0,0,0,39,0.0,0.0,11.907142857142858,141.61,1.28,8
263612,British Columbia,West Vancouver,female,Bachelor,Urban,23241.0,Married,Nova,2019-12-22,2020-08-22,5533.23,Standard,3,2,131,190448,1453.8,0.21,0.04,62,0,2,21,19,10,34,15,30,0,0,0,0,69,0,11.29,-100.0,32.436785714285726,42.24,0.81,8
461540,Alberta,Edmonton,male,Bachelor,Suburban,67798.0,Divorced,Nova,2020-12-09,2021-08-09,5548.03,Standard,3,2,50,83819,1676.38,0.12,0.11,0,7,10,0,5,0,2,13,13,0,0,0,0,0,50,0.0,0.0,12.75873015873016,110.96,0.61,8
367782,British Columbia,Victoria,female,Bachelor,Rural,90607.0,Single,Nova,2021-02-10,2021-10-10,5565.89,2021 Promotion,3,2,49,59600,1216.33,0.22,0.0,0,0,0,0,7,13,13,0,10,0,6,0,0,0,49,0.0,0.0,13.037301587301588,113.59,0.0,8
603050,Ontario,Trenton,female,College,Urban,0.0,Single,Nova,2020-02-23,2020-10-23,5568.95,Standard,2,2,65,277501,4269.25,0.43,0.07,31,0,0,0,0,6,4,13,17,19,6,0,0,34,0,9.68,-100.0,9.719968253968258,85.68,0.29,8
861669,British Columbia,Vancouver,female,Bachelor,Rural,65255.0,Divorced,Nova,2020-03-31,2021-10-04,5633.74,Standard,3,2,144,194341,1349.59,0.17,0.08,39,1,1,11,0,22,6,28,18,27,30,0,0,43,62,10.26,44.19,29.26135714285715,39.12,0.37,18
682521,British Columbia,Vancouver,male,Bachelor,Suburban,59586.0,Divorced,Nova,2019-12-19,2020-08-19,5660.13,Standard,3,2,122,264550,2168.44,0.16,0.0,58,11,23,6,23,0,11,34,13,0,0,0,0,64,0,10.34,-100.0,26.636634920634926,46.39,0.0,8
136470,Manitoba,Winnipeg,female,College,Rural,0.0,Married,Nova,2016-03-30,2021-12-11,5666.47,Standard,2,2,175,370181,2115.32,0.26,0.03,66,0,6,9,0,0,24,38,30,11,21,8,28,73,36,10.61,-50.68,30.497992063492063,32.38,0.59,68
783515,Quebec,Quebec City,female,Bachelor,Rural,43416.0,Married,Nova,2016-07-06,2020-05-23,5669.97,Standard,3,2,72,99644,1383.94,0.39,0.2,34,6,13,23,15,15,0,0,0,0,0,0,0,38,0,11.76,-100.0,12.928539682539686,78.75,0.29,47
446886,Saskatchewan,Regina,female,Bachelor,Suburban,83086.0,Married,Nova,2020-06-01,2021-02-01,5670.13,Standard,3,2,139,252897,1819.4,0.29,0.07,59,8,6,0,0,0,10,19,21,25,17,4,30,66,14,11.86,-78.79,26.53063492063493,40.79,0.34,8
179773,Ontario,Kingston,female,Bachelor,Rural,84183.0,Single,Nova,2020-04-14,2020-12-14,5715.31,Standard,3,2,114,293223,2572.13,0.33,0.08,54,0,0,0,0,4,15,25,27,11,0,13,19,60,0,11.11,-100.0,21.645142857142847,50.13,0.25,8
698932,Quebec,Hull,male,Bachelor,Rural,68342.0,Married,Nova,2019-05-30,2021-01-23,5717.74,Standard,3,2,59,221372,3752.07,0.59,0.02,24,25,0,0,0,8,0,0,17,0,6,0,4,27,8,12.5,-70.37,8.915134920634921,96.91,1.11,20
108857,British Columbia,Vancouver,female,Bachelor,Urban,77601.0,Married,Nova,2020-08-20,2021-04-20,5719.09,Standard,3,2,46,80399,1747.8,0.22,0.13,13,6,6,7,0,0,0,0,0,4,0,23,0,14,19,7.69,35.71,9.460571428571434,124.33,0.54,8
848574,New Brunswick,Fredericton,female,Bachelor,Urban,32224.0,Married,Nova,2017-06-30,2020-05-01,5720.9,Standard,3,2,46,104855,2279.46,0.22,0.0,22,15,8,0,8,15,0,0,0,0,0,0,0,24,0,9.09,-100.0,6.624,124.37,0.0,34
974441,Ontario,Ottawa,female,College,Rural,0.0,Single,Nova,2020-05-20,2021-01-20,5739.82,Standard,2,2,102,242238,2374.88,0.11,0.0,45,7,0,0,0,0,4,4,17,25,17,19,10,50,7,11.11,-86.0,17.13828571428572,56.27,0.0,8
466813,Ontario,Toronto,male,Bachelor,Rural,86641.0,Married,Nova,2020-07-16,2021-03-16,5741.73,Standard,3,2,60,188729,3145.48,0.12,0.0,19,3,7,10,0,0,0,0,27,4,0,10,0,21,20,10.53,-4.76,13.302373015873016,95.7,0.0,8
883468,Ontario,Toronto,male,Bachelor,Suburban,85448.0,Married,Nova,2016-10-01,2021-01-22,5759.91,Standard,3,2,127,276237,2175.09,0.35,0.02,60,8,19,0,0,6,0,36,32,25,0,2,0,67,0,11.67,-100.0,36.00865873015873,45.35,1.05,52
905634,Ontario,Trenton,male,Bachelor,Urban,52443.0,Married,Nova,2017-07-08,2021-08-20,5790.46,Standard,3,2,164,254763,1553.43,0.35,0.01,50,4,24,12,8,2,34,7,0,25,15,0,32,55,59,10.0,7.27,32.067642857142864,35.31,1.83,49
997710,Ontario,Toronto,male,College,Rural,0.0,Divorced,Nova,2016-01-13,2020-10-11,5841.53,Standard,2,2,106,202354,1909.0,0.24,0.05,50,0,11,8,15,15,4,36,0,17,0,0,0,56,0,12.0,-100.0,23.38825396825397,55.11,0.59,57
770727,British Columbia,Vancouver,male,Bachelor,Urban,76875.0,Married,Nova,2020-09-04,2021-05-04,5890.53,Standard,3,2,114,112863,990.03,0.37,0.03,35,7,10,6,2,15,0,0,0,0,21,23,30,39,40,11.43,2.56,28.439325396825392,51.67,1.8,8
838589,Quebec,Hull,female,Bachelor,Urban,42889.0,Married,Nova,2017-01-28,2020-05-19,5936.34,Standard,3,2,65,97639,1502.14,0.29,0.0,31,21,13,21,0,10,0,0,0,0,0,0,0,34,0,9.68,-100.0,13.02968253968254,91.33,0.0,40
834063,Quebec,Hull,female,High School or Below,Urban,25125.0,Single,Nova,2020-02-05,2020-10-05,5970.82,Standard,1,2,36,130982,3638.39,0.78,0.16,17,0,0,19,0,0,4,11,0,0,2,0,0,19,0,11.76,-100.0,6.257420634920635,165.86,0.28,8
399101,Quebec,Quebec City,female,Bachelor,Urban,57693.0,Divorced,Nova,2018-03-07,2020-06-16,5979.72,Standard,3,2,80,139314,1741.42,0.19,0.07,38,0,0,13,15,17,34,0,0,0,0,0,0,42,0,10.53,-100.0,21.73399999999999,74.75,0.58,27
859343,British Columbia,Vancouver,male,Bachelor,Suburban,66839.0,Single,Nova,2019-12-14,2020-08-14,5989.77,Standard,3,2,116,290050,2500.43,0.26,0.0,55,25,4,15,8,25,0,27,13,0,0,0,0,61,0,10.91,-100.0,23.832468253968255,51.64,0.0,8
657730,Quebec,Hull,male,Master,Rural,13528.0,Single,Nova,2016-11-22,2020-10-21,6005.85,Standard,4,2,127,221534,1744.36,0.09,0.0,60,4,17,17,23,23,25,0,15,0,4,0,0,67,0,11.67,-100.0,22.87323015873016,47.29,0.0,47
683288,Nova Scotia,Halifax,female,Master,Suburban,13528.0,Single,Nova,2017-12-12,2021-02-04,6005.85,Standard,4,2,68,96079,1412.93,0.09,0.07,32,23,0,2,17,0,0,0,0,13,13,0,0,36,0,12.5,-100.0,13.042285714285711,88.32,0.91,38
424585,Ontario,Toronto,female,College,Rural,0.0,Married,Nova,2017-03-13,2020-02-12,6006.96,Standard,2,2,15,86600,5773.33,0.13,0.0,7,13,2,0,0,0,0,0,0,0,0,0,0,8,0,14.29,-100.0,2.4023492063492067,400.46,0.0,35
178461,Ontario,Toronto,male,College,Rural,0.0,Single,Nova,2018-10-04,2021-08-16,6033.22,Standard,2,2,120,266489,2220.74,0.37,0.0,45,0,6,28,27,15,0,28,4,0,4,8,0,50,25,11.11,-50.0,28.445142857142862,50.28,0.0,34
942191,Ontario,Toronto,male,College,Urban,0.0,Married,Nova,2021-04-15,2021-12-15,6048.57,2021 Promotion,2,2,61,88945,1458.11,0.34,0.05,0,0,0,0,0,11,4,11,0,13,11,0,11,0,61,0.0,0.0,16.16111111111111,99.16,1.37,8
644893,Ontario,Toronto,female,Master,Suburban,27681.0,Married,Nova,2020-05-24,2021-01-24,6057.07,Standard,4,2,131,151470,1156.26,0.24,0.0,60,4,0,0,0,0,34,0,19,25,25,0,25,67,4,11.67,-94.03,34.9208492063492,46.24,0.0,8
266429,New Brunswick,Fredericton,male,Bachelor,Suburban,80590.0,Married,Nova,2019-04-24,2020-10-30,6162.2,Standard,3,2,133,237196,1783.43,0.14,0.0,63,15,6,27,0,25,19,17,0,0,25,0,0,70,0,11.11,-100.0,26.71196825396825,46.33,0.0,18
851499,Ontario,Toronto,male,College,Suburban,0.0,Single,Nova,2021-02-22,2021-10-22,6187.35,2021 Promotion,2,2,55,79191,1439.84,0.29,0.09,0,0,0,0,7,7,20,15,6,0,0,0,0,0,55,0.0,0.0,19.28492063492064,112.5,0.9,8
941621,Newfoundland,St. John's,female,College,Suburban,0.0,Married,Nova,2020-06-14,2021-02-14,6265.34,Standard,2,2,50,146882,2937.64,0.2,0.0,19,3,7,0,0,0,0,0,4,15,8,13,0,21,10,10.53,-52.38,6.558944444444445,125.31,0.0,8
236874,British Columbia,Vancouver,female,Bachelor,Rural,54408.0,Married,Nova,2016-05-04,2021-09-25,6314.58,Standard,3,2,200,437184,2185.92,0.1,0.04,69,0,27,12,13,14,2,38,32,23,0,11,28,77,54,11.59,-29.87,32.88465873015873,31.57,0.4,65
589074,Quebec,Montreal,female,College,Urban,0.0,Single,Nova,2021-04-11,2021-08-11,6414.08,2021 Promotion,2,2,15,32517,2167.8,0.47,0.0,0,0,0,0,0,8,0,0,7,0,0,0,0,0,15,0.0,0.0,3.0500000000000003,427.61,0.0,4
378920,Ontario,Toronto,male,Bachelor,Suburban,43478.0,Married,Nova,2017-11-20,2021-10-04,6446.92,Standard,3,2,250,419860,1679.44,0.25,0.07,74,22,18,23,28,33,16,26,25,15,18,0,27,82,94,10.81,14.63,25.11273015873016,25.79,0.23,46
555831,Quebec,Tremblant,female,Bachelor,Rural,23235.0,Married,Nova,2020-06-13,2021-02-02,6459.64,Standard,3,2,48,146270,3047.29,0.48,0.06,22,0,1,0,0,0,0,23,0,0,10,15,0,25,1,13.64,-96.0,10.211134920634926,134.58,0.68,8
666702,Ontario,Toronto,female,Doctor,Suburban,22081.0,Married,Nova,2020-04-15,2020-12-15,6503.4,Standard,5,2,87,156655,1800.63,0.15,0.04,41,0,0,0,0,21,23,19,0,0,0,21,4,46,0,12.2,-100.0,19.277492063492062,74.75,1.12,8
709479,Ontario,Toronto,male,College,Suburban,0.0,Single,Nova,2017-08-25,2020-09-24,6507.75,Standard,2,2,135,259179,1919.84,0.27,0.05,64,0,2,25,19,27,0,19,34,10,0,0,0,71,0,10.94,-100.0,32.87570634920634,48.21,0.54,37
734838,Quebec,Montreal,male,Doctor,Urban,21853.0,Married,Nova,2017-11-18,2021-02-22,6555.36,Standard,5,2,155,290288,1872.83,0.09,0.02,69,29,20,23,8,8,0,40,17,0,0,2,10,77,9,11.59,-88.31,31.585801587301578,42.29,0.94,39
252563,Ontario,Trenton,male,Doctor,Rural,25876.0,Married,Nova,2019-07-20,2020-03-20,6568.76,Standard,5,2,55,70083,1274.24,0.04,0.08,26,11,13,30,0,0,0,0,0,0,0,0,0,29,0,11.54,-100.0,15.225039682539682,119.43,1.13,8
116207,Quebec,Quebec City,female,Bachelor,Urban,41460.0,Married,Nova,2020-01-08,2020-09-08,6625.29,Standard,3,2,99,176102,1778.81,0.0,0.0,47,0,0,27,15,11,15,27,4,0,0,0,0,52,0,10.64,-100.0,21.212825396825398,66.92,0.0,8
245440,Ontario,Thunder Bay,female,College,Urban,0.0,Single,Nova,2016-07-20,2020-04-20,6679.14,Standard,2,2,25,65200,2608.0,0.52,0.0,12,4,17,0,4,0,0,0,0,0,0,0,0,13,0,8.33,-100.0,4.118373015873015,267.17,0.0,45
480502,British Columbia,Vancouver,male,Bachelor,Rural,57240.0,Married,Nova,2020-10-16,2021-11-09,6696.9,Standard,3,2,105,149597,1424.73,0.18,0.0,10,0,0,0,9,12,17,12,18,2,2,25,8,11,84,10.0,663.64,27.0280873015873,63.78,0.0,13
590727,British Columbia,Vancouver,male,College,Suburban,0.0,Single,Nova,2020-05-25,2021-01-25,6791.22,Standard,2,2,101,213667,2115.51,0.29,0.09,45,6,0,0,0,0,8,36,0,0,21,21,10,50,6,11.11,-88.0,26.236539682539686,67.24,0.35,8
703505,Ontario,Toronto,female,Bachelor,Rural,90750.0,Married,Nova,2018-10-07,2021-11-23,6837.54,Standard,3,2,262,426761,1628.86,0.21,0.03,98,22,8,21,13,10,27,30,13,27,37,25,30,109,55,11.22,-49.54,28.006753968253967,26.1,0.6,38
582429,Ontario,Toronto,male,Bachelor,Rural,34615.0,Married,Nova,2016-08-09,2021-02-25,6886.32,Standard,3,2,101,176724,1749.74,0.34,0.0,43,14,4,0,4,0,0,32,0,27,0,4,17,48,10,11.63,-79.17,23.869015873015876,68.18,0.0,55
207860,Manitoba,Winnipeg,male,College,Suburban,0.0,Single,Nova,2020-10-06,2021-06-06,6919.02,Standard,2,2,75,140316,1870.88,0.27,0.03,15,3,0,9,12,8,11,0,0,0,0,0,32,17,43,13.33,152.94,22.41678571428571,92.25,1.96,8
235709,British Columbia,Dawson Creek,female,College,Urban,0.0,Married,Nova,2019-10-06,2021-12-23,6941.9,Standard,2,2,144,214742,1491.26,0.35,0.06,43,15,3,0,6,35,31,0,0,26,15,12,1,48,53,11.63,10.42,23.98682539682539,48.21,0.57,27
475395,Ontario,Toronto,male,Bachelor,Suburban,40598.0,Single,Nova,2020-09-01,2021-05-01,6948.33,Standard,3,2,42,91014,2167.0,0.07,0.0,10,0,0,10,0,11,0,0,0,0,21,0,0,11,21,10.0,90.91,11.178373015873017,165.44,0.0,8
997653,Ontario,Ottawa,male,College,Rural,0.0,Single,Nova,2019-10-26,2020-06-26,6990.69,Standard,2,2,53,147068,2774.87,0.21,0.03,25,2,11,4,11,0,25,0,0,0,0,0,0,28,0,12.0,-100.0,10.475492063492062,131.9,1.62,8
806348,Ontario,Toronto,female,College,Urban,0.0,Single,Nova,2017-03-16,2021-05-03,7027.76,Standard,2,2,171,247166,1445.42,0.36,0.02,65,26,12,24,29,25,27,0,17,11,0,0,0,72,34,10.77,-52.78,25.77968253968254,41.1,1.25,50
480021,Nova Scotia,Halifax,female,High School or Below,Urban,18120.0,Married,Nova,2019-04-10,2020-05-11,7028.94,Standard,1,2,36,54921,1525.58,0.06,0.0,17,17,0,19,0,0,0,0,0,0,0,0,0,19,0,11.76,-100.0,8.325992063492064,195.25,0.0,13
863809,Quebec,Hull,female,Doctor,Rural,20416.0,Married,Nova,2021-01-23,2021-09-23,7048.54,Standard,5,2,46,114571,2490.67,0.13,0.04,0,0,0,13,3,5,5,14,6,0,0,0,0,0,46,0.0,0.0,11.463492063492064,153.23,1.44,8
480389,Saskatchewan,Regina,male,Bachelor,Suburban,52447.0,Single,Nova,2021-04-29,2021-12-29,7057.46,2021 Promotion,3,2,26,105338,4051.46,0.31,0.06,0,0,0,0,0,0,0,14,1,0,3,3,5,0,26,0.0,0.0,6.32063492063492,271.44,1.14,8
579684,Quebec,Montreal,male,Bachelor,Urban,87454.0,Married,Nova,2018-10-27,2021-03-16,7147.62,Standard,3,2,213,356691,1674.61,0.23,0.0,97,23,13,28,23,15,8,36,0,28,15,2,21,108,8,11.34,-92.59,34.740634920634925,33.56,0.0,29
915243,Ontario,Toronto,female,Bachelor,Urban,76506.0,Divorced,Nova,2020-06-16,2021-02-16,7155.47,Standard,3,2,105,162407,1546.73,0.22,0.05,44,3,9,0,0,0,0,13,32,10,0,23,15,49,12,11.36,-75.51,23.333611111111114,68.15,0.9,8
434657,Quebec,Tremblant,male,Bachelor,Suburban,44527.0,Married,Nova,2019-04-08,2021-03-20,7163.8,Standard,3,2,144,287518,1996.65,0.17,0.03,57,11,19,24,15,0,32,0,17,8,15,2,0,63,24,10.53,-61.9,21.10535714285714,49.75,0.98,23
986018,Quebec,Quebec City,female,College,Suburban,0.0,Married,Nova,2017-01-26,2021-08-27,7188.61,Standard,2,2,182,386119,2121.53,0.14,0.0,68,8,18,34,5,19,8,15,43,8,0,4,21,75,40,10.29,-46.67,27.80618253968254,39.5,0.0,55
649487,Ontario,Kingston,male,College,Rural,0.0,Single,Nova,2020-05-24,2021-01-24,7261.62,Standard,2,2,94,164604,1751.11,0.12,0.0,40,8,0,0,0,0,0,13,34,25,6,0,8,45,8,12.5,-82.22,24.21227777777778,77.25,0.0,8
872069,Manitoba,Winnipeg,male,Bachelor,Rural,20407.0,Married,Nova,2020-10-30,2021-04-16,7269.34,Standard,3,2,32,96810,3025.31,0.06,0.0,11,0,3,4,2,0,0,0,0,0,0,0,23,12,9,9.09,-25.0,7.4728571428571415,227.17,0.0,6
868830,Ontario,Trenton,female,Doctor,Rural,18884.0,Divorced,Nova,2017-11-07,2020-12-27,7296.54,Standard,5,2,110,262052,2382.29,0.35,0.0,52,0,13,21,0,0,17,40,8,0,0,2,10,58,0,11.54,-100.0,28.320158730158727,66.33,0.0,38
939320,British Columbia,Vancouver,female,Doctor,Urban,18884.0,Divorced,Nova,2021-03-28,2021-11-28,7296.54,2021 Promotion,5,2,31,88337,2849.58,0.16,0.0,0,0,0,0,0,0,1,17,9,0,0,4,0,0,31,0.0,0.0,10.29444444444444,235.37,0.0,8
599925,Saskatchewan,Regina,female,Bachelor,Rural,83926.0,Married,Nova,2020-07-28,2021-08-26,7334.52,Standard,3,2,92,253095,2751.03,0.11,0.01,28,3,1,0,4,7,0,5,36,10,0,21,6,31,33,10.71,6.45,16.445420634920634,79.72,2.15,13
539854,Ontario,Toronto,female,Bachelor,Suburban,29491.0,Married,Nova,2019-09-14,2020-12-20,7347.41,Standard,3,2,110,275181,2501.65,0.25,0.06,52,4,0,23,25,0,10,0,34,8,0,6,2,58,0,11.54,-100.0,26.14815873015873,66.79,0.48,15
729161,Ontario,Kingston,male,College,Urban,0.0,Single,Nova,2020-08-10,2021-12-12,7411.81,Standard,2,2,121,246857,2040.14,0.26,0.06,21,10,0,1,11,3,3,0,18,20,2,23,29,23,77,9.52,234.78,22.473992063492062,61.25,0.52,16
141043,Prince Edward Island,Charlottetown,female,College,Urban,0.0,Single,Nova,2020-06-03,2021-02-03,7439.98,Standard,2,2,30,58102,1936.73,0.1,0.06,13,0,3,0,0,0,0,0,0,15,4,0,8,14,3,7.69,-78.57,3.9057777777777787,248.0,2.06,8
967693,Ontario,Kingston,male,College,Suburban,0.0,Divorced,Nova,2016-11-15,2020-08-08,7486.02,Standard,2,2,95,200357,2109.02,0.16,0.15,45,0,21,0,19,6,15,13,21,0,0,0,0,50,0,11.11,-100.0,16.83273015873016,78.8,0.25,45
509474,Quebec,Montreal,female,Bachelor,Rural,31723.0,Married,Nova,2021-02-20,2021-09-22,7492.16,2021 Promotion,3,2,64,76777,1199.64,0.08,0.0,0,0,0,12,0,13,20,5,1,13,0,0,0,0,64,0.0,0.0,22.69206349206349,117.06,0.0,7
748586,Manitoba,Winnipeg,male,Bachelor,Rural,31723.0,Married,Nova,2020-12-03,2021-08-03,7492.16,Standard,3,2,34,36850,1083.82,0.21,0.16,0,0,3,13,2,0,2,0,14,0,0,0,0,0,34,0.0,0.0,9.996825396825397,220.36,1.29,8
366727,Ontario,Ottawa,male,Bachelor,Urban,49561.0,Single,Nova,2019-04-21,2020-04-29,7506.78,Standard,3,2,48,91673,1909.85,0.23,0.0,22,8,17,23,0,0,0,0,0,0,0,0,0,25,0,13.64,-100.0,10.672468253968256,156.39,0.0,12
384412,Quebec,Montreal,male,Bachelor,Rural,96306.0,Divorced,Nova,2021-04-20,2021-12-20,7519.13,2021 Promotion,3,2,59,126360,2141.69,0.25,0.07,0,0,0,0,0,7,15,6,12,2,0,8,9,0,59,0.0,0.0,14.465873015873017,127.44,0.88,8
147986,British Columbia,West Vancouver,male,College,Urban,0.0,Married,Nova,2019-11-21,2020-07-21,7550.42,Standard,2,2,93,210298,2261.27,0.16,0.06,44,2,17,23,0,13,34,4,0,0,0,0,0,49,0,11.36,-100.0,24.30465873015872,81.19,0.57,8
944491,Ontario,Trenton,male,College,Rural,0.0,Married,Nova,2018-02-22,2020-08-13,7550.87,Standard,2,2,66,120494,1825.67,0.29,0.11,32,8,0,21,4,13,0,0,21,0,0,0,0,35,0,9.38,-100.0,12.573420634920641,114.41,0.55,30
583175,Ontario,Toronto,female,College,Suburban,0.0,Married,Nova,2020-01-17,2020-09-17,7587.34,Standard,2,2,55,244268,4441.24,0.18,0.0,26,0,11,8,2,15,0,0,8,11,0,0,0,29,0,11.54,-100.0,6.330182539682538,137.95,0.0,8
201891,British Columbia,Vancouver,female,Bachelor,Urban,69900.0,Married,Nova,2017-08-08,2021-04-01,7623.58,Standard,3,2,218,443571,2034.73,0.17,0.0,93,15,17,38,5,0,28,34,10,23,8,17,23,103,22,10.75,-78.64,33.60370634920637,34.97,0.0,44
606344,Ontario,Toronto,male,Bachelor,Urban,54539.0,Married,Nova,2020-01-05,2020-09-05,7635.55,Standard,3,2,129,253124,1962.2,0.21,0.0,61,0,13,28,0,21,6,28,32,0,0,0,0,68,0,11.48,-100.0,34.22558730158732,59.19,0.0,8
823436,British Columbia,Vancouver,male,Bachelor,Urban,50147.0,Single,Nova,2019-11-07,2020-07-07,7695.12,Standard,3,2,114,182345,1599.52,0.11,0.0,54,0,17,23,11,0,28,34,0,0,0,0,0,60,0,11.11,-100.0,31.57428571428572,67.5,0.0,8
555024,Quebec,Montreal,male,Bachelor,Urban,96961.0,Married,Nova,2019-06-28,2020-02-28,7743.92,Standard,3,2,17,37229,2189.94,0.0,0.0,8,0,17,0,0,0,0,0,0,0,0,0,0,9,0,12.5,-100.0,3.9567857142857146,455.52,0.0,8
763621,British Columbia,Whistler,male,Bachelor,Urban,96162.0,Single,Nova,2020-07-19,2021-03-19,7758.59,Standard,3,2,90,115487,1283.19,0.09,0.0,30,4,11,12,0,0,0,0,32,0,15,15,0,33,27,10.0,-18.18,23.207642857142854,86.21,0.0,8
911852,Quebec,Montreal,female,College,Rural,0.0,Married,Nova,2020-06-06,2021-02-06,7804.6,Standard,2,2,90,124914,1387.93,0.34,0.0,37,10,2,0,0,0,0,0,30,25,2,0,21,41,12,10.81,-70.73,24.844849206349203,86.72,0.0,8
517472,British Columbia,Vancouver,male,Bachelor,Suburban,58414.0,Single,Nova,2021-02-20,2021-10-20,7840.17,2021 Promotion,3,2,40,66018,1650.45,0.22,0.0,0,0,0,10,12,0,0,4,0,2,12,0,0,0,40,0.0,0.0,10.387301587301588,196.0,0.0,8
730748,Quebec,Montreal,male,Doctor,Suburban,23129.0,Married,Nova,2020-09-03,2021-05-03,7880.34,Standard,5,2,40,142940,3573.5,0.22,0.0,13,0,9,3,0,1,0,0,0,0,6,8,13,14,13,7.69,-7.14,5.182285714285715,197.01,0.0,8
403473,British Columbia,Whistler,male,Bachelor,Urban,43630.0,Divorced,Nova,2017-03-03,2021-08-01,7908.67,Standard,3,2,109,314878,2888.79,0.48,0.03,36,9,3,3,22,13,12,24,0,0,8,10,6,40,33,11.11,-17.5,9.399777777777777,72.56,0.76,53
859144,Ontario,Toronto,male,College,Rural,0.0,Married,Nova,2017-03-01,2020-05-27,7955.77,Standard,2,2,65,104181,1602.78,0.06,0.0,31,11,10,28,11,4,0,0,0,0,0,0,0,34,0,9.68,-100.0,13.546825396825401,122.4,0.0,39
573986,Ontario,Toronto,female,Bachelor,Rural,99069.0,Married,Nova,2020-07-10,2021-03-10,7985.47,Standard,3,2,47,124600,2651.06,0.04,0.0,21,0,0,3,0,0,0,0,0,4,0,10,30,23,3,9.52,-86.96,13.264849206349206,169.9,0.0,8
599560,British Columbia,Whistler,female,Bachelor,Rural,65636.0,Married,Nova,2019-06-14,2020-12-01,8013.9,Standard,3,2,131,247112,1886.35,0.27,0.12,62,8,0,15,21,19,6,0,23,11,0,13,15,69,0,11.29,-100.0,17.543071428571434,61.17,0.27,18
853565,Ontario,Sudbury,female,Bachelor,Urban,57293.0,Married,Nova,2016-09-16,2020-11-08,8061.2,Standard,3,2,131,202010,1542.06,0.23,0.0,62,21,11,27,23,21,0,0,0,0,23,6,0,69,0,11.29,-100.0,26.231071428571436,61.54,0.0,50
752609,Ontario,Trenton,male,Doctor,Urban,17950.0,Married,Nova,2017-06-04,2021-03-30,8066.07,Standard,5,2,202,330157,1634.44,0.22,0.0,91,16,28,19,17,13,6,23,27,0,23,10,21,101,10,10.99,-90.1,23.036214285714284,39.93,0.0,46
991983,British Columbia,Vancouver,male,Bachelor,Rural,30584.0,Married,Nova,2019-06-05,2020-03-01,8072.75,Standard,3,2,19,26796,1410.32,0.0,0.0,9,0,19,0,0,0,0,0,0,0,0,0,0,10,0,11.11,-100.0,4.884920634920633,424.88,0.0,9
746580,Alberta,Edmonton,male,High School or Below,Urban,23940.0,Married,Nova,2019-07-17,2020-03-17,8237.04,Standard,1,2,28,35792,1278.29,0.21,0.0,14,23,6,0,0,0,0,0,0,0,0,0,0,15,0,7.14,-100.0,7.267642857142856,294.18,0.0,8
883174,Ontario,Toronto,male,Doctor,Urban,23815.0,Married,Nova,2017-08-25,2021-12-25,8257.67,Standard,5,2,216,445957,2064.62,0.23,0.03,62,13,3,6,0,40,21,14,28,22,14,7,47,69,85,11.29,23.19,31.721992063492067,38.23,0.57,52
661150,Ontario,Toronto,female,High School or Below,Urban,20225.0,Married,Nova,2017-03-02,2021-11-09,8269.08,Standard,1,2,247,329804,1335.24,0.19,0.02,87,33,28,27,17,21,1,17,9,36,6,28,25,97,63,11.49,-35.05,24.226182539682537,33.48,1.26,56
452459,Alberta,Edmonton,male,Bachelor,Rural,70258.0,Divorced,Nova,2019-11-02,2021-04-03,8293.48,Standard,3,2,132,240962,1825.47,0.12,0.0,53,27,27,4,4,21,0,0,0,6,25,8,11,59,20,11.32,-66.1,18.807896825396828,62.83,0.0,17
682980,Ontario,Thunder Bay,male,Bachelor,Rural,78032.0,Married,Nova,2019-10-19,2020-06-19,8302.32,Standard,3,2,76,118009,1552.75,0.36,0.0,36,8,0,19,6,19,25,0,0,0,0,0,0,40,0,11.11,-100.0,15.791301587301586,109.24,0.0,8
646198,Ontario,Toronto,male,Master,Suburban,26630.0,Divorced,Nova,2020-08-23,2021-04-23,8365.68,Standard,4,2,48,96282,2005.88,0.4,0.09,8,8,9,11,3,0,0,0,0,0,0,0,17,9,31,12.5,244.44,10.20980158730159,174.28,0.92,8
535183,Quebec,Montreal,male,Doctor,Suburban,12590.0,Married,Nova,2019-09-06,2020-08-07,8372.85,Standard,5,2,93,143781,1546.03,0.2,0.03,44,11,8,25,23,0,0,10,17,0,0,0,0,49,0,11.36,-100.0,17.478373015873014,90.03,1.96,11
999788,Ontario,London,male,Bachelor,Urban,33397.0,Married,Nova,2020-02-20,2020-10-20,8409.07,Standard,3,2,80,213959,2674.49,0.38,0.02,38,0,0,6,23,0,10,13,21,0,8,0,0,42,0,10.53,-100.0,13.770000000000001,105.11,1.6,8
937849,Ontario,Sudbury,male,Bachelor,Suburban,98796.0,Married,Nova,2019-05-15,2020-01-15,8429.49,Standard,3,2,15,3920,261.33,0.53,0.0,7,15,0,0,0,0,0,0,0,0,0,0,0,8,0,14.29,-100.0,3.1263492063492064,561.97,0.0,8
600021,British Columbia,Vancouver,male,Bachelor,Rural,26023.0,Married,Nova,2020-08-29,2021-04-29,8457.46,Standard,3,2,86,109507,1273.34,0.29,0.0,35,0,0,11,1,0,0,0,0,10,21,23,21,39,12,11.43,-69.23,18.856785714285717,98.34,0.0,8
823257,Ontario,Toronto,male,College,Suburban,0.0,Married,Nova,2020-08-06,2021-04-06,8487.24,Standard,2,2,54,93311,1727.98,0.41,0.0,22,1,0,3,3,0,0,0,0,25,0,0,23,25,7,13.64,-72.0,14.3720873015873,157.17,0.0,8
368062,Quebec,Montreal,male,Bachelor,Urban,80213.0,Married,Nova,2019-11-19,2020-07-19,8488.56,Standard,3,2,66,95055,1440.23,0.29,0.0,32,8,0,13,4,11,4,27,0,0,0,0,0,35,0,9.38,-100.0,12.263134920634922,128.61,0.0,8
472488,British Columbia,Victoria,male,Bachelor,Urban,80213.0,Married,Nova,2018-09-03,2020-08-12,8488.56,Standard,3,2,125,260634,2085.07,0.41,0.06,59,0,8,27,21,21,13,36,0,0,0,0,0,66,0,11.86,-100.0,32.20085714285714,67.91,0.58,23
810517,Quebec,Montreal,male,Bachelor,Rural,87771.0,Single,Nova,2020-01-31,2020-09-30,8503.94,Standard,3,2,55,105036,1909.75,0.49,0.05,26,0,0,13,4,0,17,0,0,21,0,0,0,29,0,11.54,-100.0,10.777611111111112,154.62,1.59,8
386979,Quebec,Montreal,male,College,Rural,0.0,Single,Nova,2021-01-18,2021-09-18,8555.89,Standard,2,2,58,173712,2995.03,0.31,0.02,0,0,2,13,11,6,10,10,3,3,0,0,0,0,58,0.0,0.0,12.987301587301587,147.52,2.58,8
263866,Quebec,Hull,female,Bachelor,Urban,97361.0,Single,Nova,2019-04-19,2021-05-08,8622.84,Standard,3,2,185,385074,2081.48,0.23,0.03,74,12,16,15,24,17,25,11,6,15,23,0,21,82,29,10.81,-64.63,21.487428571428573,46.61,0.7,25
516271,Quebec,Hull,female,High School or Below,Rural,22193.0,Married,Nova,2017-02-07,2021-10-19,8641.05,Standard,1,2,272,388167,1427.08,0.18,0.0,93,22,0,27,28,31,10,37,36,42,27,13,0,103,76,10.75,-26.21,27.7105634920635,31.77,0.0,56
247692,Manitoba,Winnipeg,female,Bachelor,Urban,64125.0,Married,Nova,2020-11-19,2021-07-19,8646.5,Standard,3,2,12,74906,6242.17,0.5,0.0,0,0,0,3,5,2,0,2,0,0,0,0,0,0,12,0.0,0.0,1.0857142857142854,720.54,0.0,8
639116,Quebec,Montreal,male,High School or Below,Rural,20588.0,Married,Nova,2019-10-11,2020-06-11,8653.3,Standard,1,2,51,58700,1150.98,0.29,0.0,24,17,0,0,19,15,0,0,0,0,0,0,0,27,0,12.5,-100.0,10.581357142857144,169.67,0.0,8
379117,Ontario,Toronto,male,College,Rural,0.0,Single,Nova,2020-01-27,2020-09-27,8663.5,Standard,2,2,89,105258,1182.67,0.36,0.17,42,0,13,13,15,0,0,0,27,21,0,0,0,47,0,11.9,-100.0,18.442182539682534,97.34,0.48,8
368435,Yukon,Whitehorse,female,Bachelor,Urban,57107.0,Married,Nova,2021-04-08,2021-12-08,8707.62,2021 Promotion,3,2,27,105319,3900.7,0.44,0.0,0,0,0,0,0,0,0,9,5,7,0,2,4,0,27,0.0,0.0,4.421428571428572,322.5,0.0,8
565690,Ontario,Toronto,male,Bachelor,Urban,83846.0,Married,Nova,2018-12-05,2021-09-14,8717.05,Standard,3,2,154,398347,2586.67,0.27,0.04,58,27,20,11,6,13,4,13,11,0,21,0,28,65,31,12.07,-52.31,20.831071428571427,56.6,0.52,33
519873,Quebec,Montreal,male,College,Urban,0.0,Married,Nova,2021-02-14,2021-10-14,8728.46,2021 Promotion,2,2,66,119293,1807.47,0.12,0.0,0,0,0,1,8,4,16,16,12,7,2,0,0,0,66,0.0,0.0,19.114285714285714,132.25,0.0,8
100504,Ontario,Sudbury,female,Bachelor,Rural,59762.0,Divorced,Nova,2020-07-17,2021-03-17,8807.61,Standard,3,2,107,152468,1424.93,0.09,0.0,40,10,11,2,0,0,0,0,19,0,27,17,21,44,23,10.0,-47.73,23.163587301587302,82.31,0.0,8
185531,Ontario,Thunder Bay,male,Bachelor,Urban,45600.0,Married,Nova,2019-11-20,2020-07-20,8845.19,Standard,3,2,59,194284,3292.95,0.25,0.0,28,4,0,17,15,19,0,4,0,0,0,0,0,31,0,10.71,-100.0,10.330373015873013,149.92,0.0,8
373737,Manitoba,Winnipeg,male,Bachelor,Urban,21509.0,Single,Nova,2019-01-23,2021-01-17,8888.88,Standard,3,2,177,255522,1443.63,0.32,0.03,84,19,15,0,15,28,21,0,15,2,21,10,30,93,0,10.71,-100.0,29.054500000000004,50.22,1.17,24
489592,Alberta,Edmonton,female,Bachelor,Suburban,71943.0,Single,Nova,2019-08-23,2020-04-23,8960.28,Standard,3,2,27,66124,2449.04,0.3,0.14,13,2,0,13,11,0,0,0,0,0,0,0,0,14,0,7.69,-100.0,3.885873015873015,331.86,0.96,8
544306,British Columbia,Whistler,male,College,Suburban,0.0,Single,Nova,2020-07-11,2021-03-11,8992.78,Standard,2,2,36,141224,3922.89,0.19,0.0,15,0,0,4,0,0,0,0,17,0,11,0,4,17,4,13.33,-76.47,5.668785714285716,249.8,0.0,8
288112,Quebec,Quebec City,female,Bachelor,Urban,67840.0,Married,Nova,2019-05-04,2020-01-04,9012.92,Standard,3,2,10,32805,3280.5,0.2,0.0,4,10,0,0,0,0,0,0,0,0,0,0,0,5,0,25.0,-100.0,1.2212301587301582,901.29,0.0,8
966698,Manitoba,Winnipeg,female,College,Urban,0.0,Single,Nova,2020-11-17,2021-07-17,9029.94,Standard,2,2,45,89401,1986.69,0.47,0.0,5,0,0,5,12,15,0,2,0,0,0,0,11,6,34,20.0,466.67,11.597301587301589,200.67,0.0,8
771353,Quebec,Montreal,female,Bachelor,Rural,30004.0,Married,Nova,2020-03-15,2020-11-15,9033.25,Standard,3,2,148,215128,1453.57,0.3,0.08,70,0,0,0,23,17,27,34,0,21,10,17,0,78,0,11.43,-100.0,32.835142857142856,61.04,0.53,8
423119,New Brunswick,Fredericton,female,Bachelor,Urban,34337.0,Married,Nova,2017-06-17,2021-06-17,9035.67,Standard,3,2,110,248103,2255.48,0.19,0.0,41,0,8,20,5,20,32,25,0,0,0,0,0,46,23,12.2,-50.0,25.93085714285714,82.14,0.0,48
523037,Ontario,Toronto,male,Bachelor,Urban,97745.0,Divorced,Nova,2021-03-12,2021-11-12,9043.68,2021 Promotion,3,2,30,54762,1825.4,0.2,0.0,0,0,0,0,9,6,0,0,8,0,0,7,0,0,30,0.0,0.0,5.857142857142857,301.46,0.0,8
833793,Quebec,Tremblant,female,Bachelor,Urban,54751.0,Married,Nova,2020-11-24,2021-07-24,9111.76,Standard,3,2,26,21867,841.04,0.46,0.0,4,12,2,1,0,1,0,0,0,0,0,0,10,5,16,25.0,220.0,5.062500000000001,350.45,0.0,8
219276,Quebec,Tremblant,male,Bachelor,Rural,21150.0,Married,Nova,2017-02-19,2021-12-23,9144.86,Standard,3,2,209,441662,2113.22,0.26,0.01,70,2,13,10,17,28,15,17,0,30,25,6,47,78,61,11.43,-21.79,31.25473015873016,43.76,1.75,58
348471,Ontario,Toronto,male,Bachelor,Rural,77603.0,Married,Nova,2017-02-05,2021-11-23,9191.67,Standard,3,2,176,364020,2068.3,0.32,0.04,44,28,11,23,28,2,7,0,30,16,22,7,2,49,83,11.36,69.39,19.93907142857143,52.23,0.57,58
514616,Ontario,Kingston,female,College,Suburban,0.0,Married,Nova,2021-01-14,2021-09-23,9227.95,Standard,2,2,68,142098,2089.68,0.21,0.0,0,0,9,5,8,15,20,9,0,2,0,0,0,0,68,0.0,0.0,21.47301587301587,135.71,0.0,8
783610,Ontario,Toronto,male,Bachelor,Urban,21033.0,Married,Nova,2020-06-27,2021-02-27,9320.28,Standard,3,2,75,46620,621.6,0.19,0.0,33,5,0,0,0,0,0,23,0,0,21,0,27,37,5,12.12,-86.49,20.05449999999999,124.27,0.0,8
441345,Ontario,Toronto,male,College,Rural,0.0,Single,Nova,2021-03-19,2021-11-19,9402.73,2021 Promotion,2,2,29,55957,1929.55,0.17,0.0,0,0,0,0,3,0,6,0,0,8,3,9,0,0,29,0.0,0.0,5.018253968253968,324.23,0.0,8
797187,Saskatchewan,Regina,male,College,Suburban,0.0,Married,Nova,2020-10-06,2020-12-08,9472.96,Standard,2,2,25,640,25.6,0.4,0.0,12,0,0,0,0,0,0,0,0,0,0,25,0,13,0,8.33,-100.0,8.255515873015874,378.92,0.0,2
348238,New Brunswick,Fredericton,female,College,Urban,0.0,Married,Nova,2020-10-26,2021-06-26,9575.36,Standard,2,2,32,39828,1244.62,0.22,0.1,0,0,0,14,7,0,11,0,0,0,0,0,0,0,32,0.0,0.0,9.644444444444447,299.23,2.41,8
437251,Ontario,Trenton,female,Bachelor,Urban,38279.0,Married,Nova,2020-04-12,2020-12-12,9732.58,Standard,3,2,55,148778,2705.05,0.27,0.0,26,0,0,0,0,6,0,21,0,0,4,25,0,29,0,11.54,-100.0,13.25989682539683,176.96,0.0,8
999304,Ontario,Toronto,male,College,Rural,0.0,Single,Nova,2018-01-26,2020-06-06,9778.98,Standard,2,2,87,132181,1519.32,0.11,0.1,41,23,23,6,13,0,23,0,0,0,0,0,0,46,0,12.2,-100.0,19.27749206349206,112.4,0.75,28
233437,Quebec,Quebec City,male,Bachelor,Urban,37586.0,Divorced,Nova,2020-08-10,2021-04-10,9918.7,Standard,3,2,100,126714,1267.14,0.0,0.0,32,7,0,14,11,0,0,0,0,19,4,25,21,36,32,12.5,-11.11,22.83244444444444,99.19,0.0,8
627191,British Columbia,Vancouver,female,Doctor,Urban,16511.0,Single,Nova,2019-10-11,2020-06-11,10053.55,Standard,5,2,93,120298,1293.53,0.27,0.07,44,21,0,21,23,13,15,0,0,0,0,0,0,49,0,11.36,-100.0,18.92637301587302,108.1,1.22,8
855381,British Columbia,Whistler,female,College,Rural,0.0,Single,Nova,2020-04-16,2020-12-16,10058.74,Standard,2,2,124,229951,1854.44,0.2,0.04,58,0,0,0,0,0,2,38,8,25,11,19,21,65,0,12.07,-100.0,31.49018253968254,81.12,1.06,8
166677,British Columbia,Vancouver,female,Bachelor,Suburban,35482.0,Married,Nova,2019-12-17,2020-09-28,10208.93,Standard,3,2,158,196447,1243.34,0.29,0.03,75,0,0,28,15,19,34,30,6,25,0,0,0,83,0,10.67,-100.0,39.57875396825396,64.61,1.58,9
472807,Manitoba,Winnipeg,female,Bachelor,Suburban,36568.0,Married,Nova,2016-04-26,2020-04-09,10209.02,Standard,3,2,38,42330,1113.95,0.0,0.0,18,0,19,19,0,0,0,0,0,0,0,0,0,20,0,11.11,-100.0,9.196825396825398,268.66,0.0,47
836295,British Columbia,Vancouver,male,Bachelor,Urban,60078.0,Married,Nova,2019-11-07,2020-07-07,10213.99,Standard,3,2,36,41916,1164.33,0.22,0.17,17,10,0,23,0,2,2,0,0,0,0,0,0,19,0,11.76,-100.0,7.808849206349206,283.72,1.44,8
908404,Quebec,Montreal,male,Bachelor,Suburban,84583.0,Married,Nova,2017-10-08,2021-09-26,10359.02,Standard,3,2,198,348638,1760.8,0.37,0.06,76,4,10,6,25,14,20,29,30,13,15,17,15,85,37,11.84,-56.47,21.146373015873014,52.32,0.5,48
358054,Manitoba,Winnipeg,male,College,Suburban,0.0,Single,Nova,2020-01-17,2020-09-17,10461.58,Standard,2,2,68,189164,2781.82,0.5,0.0,32,0,6,4,17,4,8,0,4,27,0,0,0,36,0,12.5,-100.0,12.525142857142852,153.85,0.0,8
254097,Quebec,Montreal,male,Bachelor,Rural,72540.0,Married,Nova,2021-03-15,2021-11-15,10656.88,2021 Promotion,3,2,45,84936,1887.47,0.22,0.06,0,0,0,0,7,6,2,14,8,1,2,5,0,0,45,0.0,0.0,9.22142857142857,236.82,2.25,8
588292,Quebec,Montreal,female,Bachelor,Suburban,25983.0,Married,Nova,2019-11-24,2020-07-24,10721.61,Standard,3,2,106,289604,2732.11,0.24,0.02,50,4,10,17,4,2,36,34,0,0,0,0,0,56,0,12.0,-100.0,32.386539682539684,101.15,1.58,8
296566,British Columbia,Vancouver,male,Bachelor,Rural,92914.0,Married,Nova,2020-08-31,2021-04-30,10978.78,Standard,3,2,80,166557,2081.96,0.18,0.06,25,7,7,4,9,0,0,0,0,25,25,0,4,28,27,12.0,-3.57,18.152920634920633,137.23,1.19,8
161045,British Columbia,Vancouver,male,Bachelor,Suburban,37056.0,Married,Nova,2017-10-09,2021-08-23,11029.93,Standard,3,2,132,290118,2197.86,0.29,0.01,44,10,0,15,20,4,38,19,25,0,2,0,0,49,39,11.36,-20.41,35.542182539682535,83.56,2.7,46
137858,British Columbia,Vancouver,female,College,Rural,0.0,Single,Nova,2021-01-12,2021-09-12,11095.97,Standard,2,2,66,106117,1607.83,0.21,0.0,0,0,3,7,3,13,10,15,15,0,0,0,0,0,66,0.0,0.0,19.0,168.12,0.0,8
130217,British Columbia,Whistler,female,College,Suburban,0.0,Single,Nova,2019-08-25,2020-04-25,11624.82,Standard,2,2,11,80085,7280.45,0.55,0.0,5,0,8,0,4,0,0,0,0,0,0,0,0,6,0,20.0,-100.0,0.9311428571428573,1056.8,0.0,8
642401,Quebec,Montreal,female,Bachelor,Urban,90016.0,Married,Nova,2020-07-28,2021-02-28,11785.04,Standard,3,2,102,171684,1683.18,0.31,0.11,41,7,8,0,0,0,0,0,21,13,21,11,21,46,15,12.2,-67.39,18.07453968253968,115.54,0.64,7
671309,Ontario,Toronto,female,Bachelor,Urban,50234.0,Divorced,Nova,2019-05-14,2020-01-14,11926.75,Standard,3,2,10,35296,3529.6,0.0,0.0,4,10,0,0,0,0,0,0,0,0,0,0,0,5,0,25.0,-100.0,1.2212301587301582,1192.68,0.0,8
627568,Quebec,Montreal,female,Bachelor,Urban,64195.0,Divorced,Nova,2016-01-25,2020-06-04,11971.98,Standard,3,2,48,164356,3424.08,0.12,0.0,22,4,0,28,10,6,0,0,0,0,0,0,0,25,0,13.64,-100.0,11.810182539682542,249.42,0.0,52
463146,British Columbia,Whistler,female,Master,Suburban,21514.0,Married,Nova,2020-05-12,2021-03-23,11981.98,Standard,4,2,61,130352,2136.92,0.23,0.03,23,0,3,9,0,0,0,36,0,0,11,2,0,26,12,13.04,-53.85,20.16168253968254,196.43,2.9,10
110211,Ontario,Toronto,female,Bachelor,Rural,44428.0,Single,Nova,2020-04-12,2020-12-12,12036.62,Standard,3,2,169,291724,1726.18,0.1,0.0,80,0,0,0,0,13,32,32,25,15,23,21,8,89,0,11.25,-100.0,36.31170634920634,71.22,0.0,8
290250,British Columbia,Dawson Creek,female,Bachelor,Suburban,21331.0,Divorced,Nova,2021-03-02,2021-11-02,12208.12,2021 Promotion,3,2,29,56154,1936.34,0.07,0.0,0,0,0,0,13,11,0,0,0,0,2,3,0,0,29,0.0,0.0,7.989682539682541,420.97,0.0,8
336238,Quebec,Montreal,male,Bachelor,Rural,60774.0,Married,Nova,2019-10-10,2020-06-10,12269.42,Standard,3,2,40,33062,826.55,0.28,0.0,19,8,0,0,0,0,32,0,0,0,0,0,0,21,0,10.53,-100.0,14.509357142857144,306.74,0.0,8
238193,New Brunswick,Moncton,male,Bachelor,Suburban,40602.0,Single,Nova,2018-08-26,2021-11-13,12383.53,Standard,3,2,184,407067,2212.32,0.28,0.03,76,21,17,24,4,18,0,41,34,11,0,13,0,84,24,10.53,-71.43,30.749142857142857,67.3,1.01,39
561981,Quebec,Montreal,female,Bachelor,Rural,62575.0,Married,Nova,2020-02-06,2020-10-06,12590.94,Standard,3,2,127,256489,2019.6,0.27,0.0,60,0,0,0,11,30,23,10,28,4,21,0,0,67,0,11.67,-100.0,29.078944444444446,99.14,0.0,8
560283,British Columbia,Vancouver,female,College,Urban,0.0,Single,Nova,2018-03-29,2021-02-13,12779.9,Standard,2,2,158,320102,2025.96,0.19,0.03,70,18,15,17,17,4,2,19,27,0,8,0,32,78,10,11.43,-87.18,26.84796825396825,80.89,1.56,35
305604,Alberta,Banff,female,Bachelor,Urban,48767.0,Married,Nova,2018-02-02,2020-07-28,12887.43,Standard,3,2,84,111224,1324.1,0.23,0.0,40,0,13,0,15,30,25,0,0,0,0,0,0,44,0,10.0,-100.0,22.27549206349206,153.42,0.0,30
376630,Manitoba,Winnipeg,female,Bachelor,Rural,30763.0,Single,Nova,2017-03-16,2020-07-11,12948.4,Standard,3,2,78,213091,2731.94,0.38,0.0,37,0,4,21,0,13,6,34,0,0,0,0,0,41,0,10.81,-100.0,21.402944444444447,166.01,0.0,40
527656,Ontario,Trenton,male,Bachelor,Rural,39843.0,Married,Nova,2020-03-13,2021-03-01,12981.53,Standard,3,2,120,257318,2144.32,0.37,0.0,50,3,1,10,11,28,8,30,0,21,4,4,0,56,14,12.0,-75.0,25.872825396825398,108.18,0.0,12
828109,Yukon,Whitehorse,female,Bachelor,Rural,57591.0,Divorced,Nova,2021-03-29,2021-11-29,13009.24,2021 Promotion,3,2,41,106015,2585.73,0.24,0.04,0,0,0,0,0,15,6,0,8,12,0,0,0,0,41,0.0,0.0,12.065873015873017,317.3,2.79,8
111899,Manitoba,Winnipeg,female,College,Suburban,0.0,Single,Nova,2016-06-04,2020-11-27,13021.09,Standard,2,2,99,170913,1726.39,0.19,0.09,47,0,6,28,0,0,13,0,30,0,4,17,0,52,0,10.64,-100.0,24.52253968253969,131.53,0.85,54
427358,Ontario,Toronto,female,Bachelor,Rural,76456.0,Single,Nova,2018-05-29,2021-11-21,13027.42,Standard,3,2,188,306087,1628.12,0.2,0.07,58,12,22,35,14,30,34,13,4,12,11,0,0,65,64,12.07,-1.54,26.425928571428575,69.29,0.59,42
994679,Quebec,Montreal,female,Bachelor,Urban,58684.0,Married,Nova,2020-12-07,2021-08-07,13055.57,Standard,3,2,35,91028,2600.8,0.17,0.0,0,5,0,8,0,14,6,0,2,0,0,0,0,0,35,0.0,0.0,8.313492063492063,373.02,0.0,8
549598,Ontario,Toronto,female,Bachelor,Rural,48804.0,Married,Nova,2020-09-30,2021-05-30,13057.17,Standard,3,2,95,156271,1644.96,0.31,0.04,29,5,7,0,6,16,0,0,0,0,19,10,32,32,34,10.34,6.25,24.73428571428571,137.44,2.31,8
498573,Quebec,Montreal,female,College,Rural,0.0,Single,Nova,2019-12-20,2021-11-23,13104.15,Standard,2,2,120,329609,2746.74,0.39,0.05,30,21,6,15,0,10,27,0,24,6,7,4,0,33,57,10.0,72.73,19.800214285714286,109.2,0.83,23
537421,Quebec,Montreal,male,Bachelor,Suburban,73597.0,Married,Nova,2019-12-20,2021-09-28,13110.55,Standard,3,2,212,374310,1765.61,0.08,0.06,71,12,18,10,0,21,19,39,37,36,19,0,0,79,62,11.27,-21.52,32.09392857142858,61.84,0.58,21
492036,British Columbia,Victoria,male,High School or Below,Urban,20754.0,Divorced,Nova,2020-05-04,2021-01-04,13258.18,Standard,1,2,51,112511,2206.1,0.12,0.0,21,7,0,0,0,0,15,0,0,19,0,0,10,23,7,9.52,-69.57,9.133928571428573,259.96,0.0,8
176142,Saskatchewan,Regina,male,Bachelor,Urban,32762.0,Married,Nova,2021-02-21,2021-10-21,13268.79,2021 Promotion,3,2,68,61695,907.28,0.15,0.0,0,0,0,1,6,0,10,20,18,13,0,0,0,0,68,0.0,0.0,25.75873015873016,195.13,0.0,8
494438,New Brunswick,Fredericton,female,Bachelor,Suburban,68009.0,Divorced,Nova,2020-01-16,2020-05-03,13295.6,Standard,3,2,36,107029,2973.03,0.47,0.18,17,0,10,21,6,0,0,0,0,0,0,0,0,19,0,11.76,-100.0,6.981420634920636,369.32,0.7,4
549200,British Columbia,Vancouver,male,Bachelor,Urban,75037.0,Married,Nova,2016-11-27,2021-03-09,13530.03,Standard,3,2,224,453002,2022.33,0.24,0.02,94,18,15,18,0,30,38,28,10,28,4,19,15,105,25,11.7,-76.19,39.238944444444435,60.4,1.5,51
521949,British Columbia,Vancouver,male,College,Urban,0.0,Single,Nova,2016-09-21,2020-07-02,13579.3,Standard,2,2,68,246132,3619.59,0.4,0.0,32,11,0,6,0,10,28,13,0,0,0,0,0,36,0,12.5,-100.0,14.076571428571429,199.7,0.0,45
835566,Ontario,Toronto,male,College,Urban,0.0,Single,Nova,2020-01-06,2020-09-06,13579.3,Standard,2,2,82,117152,1428.68,0.33,0.0,39,0,17,21,0,13,10,0,21,0,0,0,0,43,0,10.26,-100.0,15.233039682539681,165.6,0.0,8
489301,British Columbia,Dawson Creek,female,Bachelor,Urban,90343.0,Single,Nova,2019-12-11,2021-11-26,13742.54,Standard,3,2,209,386803,1850.73,0.27,0.02,69,0,9,15,10,31,22,43,15,18,28,19,0,77,63,11.59,-18.18,29.56237301587302,65.75,1.62,24
237586,Quebec,Montreal,female,Bachelor,Rural,96950.0,Married,Nova,2018-01-20,2020-10-11,13862.1,Standard,3,2,148,349496,2361.46,0.17,0.04,70,2,11,28,19,28,0,40,2,2,15,0,0,78,0,11.43,-100.0,39.14428571428571,93.66,1.07,33
217401,Ontario,Trenton,male,Bachelor,Urban,67627.0,Married,Nova,2020-05-29,2021-01-29,14002.38,Standard,3,2,56,229196,4092.79,0.39,0.0,25,3,0,0,0,0,13,6,15,0,19,0,0,28,3,12.0,-89.29,9.231015873015872,250.04,0.0,8
497226,British Columbia,Victoria,female,Bachelor,Urban,81872.0,Married,Nova,2019-08-08,2020-04-08,14024.36,Standard,3,2,51,91477,1793.67,0.63,0.2,24,17,0,27,8,0,0,0,0,0,0,0,0,27,0,12.5,-100.0,13.06364285714286,274.99,0.79,8
988728,Quebec,Montreal,male,Bachelor,Rural,31650.0,Married,Nova,2021-04-01,2021-12-01,14228.23,2021 Promotion,3,2,39,95019,2436.38,0.1,0.0,0,0,0,0,8,3,4,13,9,2,0,0,0,0,39,0.0,0.0,8.592857142857145,364.83,0.0,8
429692,Quebec,Montreal,male,Bachelor,Rural,40260.0,Married,Nova,2020-06-03,2021-02-03,14558.42,Standard,3,2,74,137265,1854.93,0.12,0.05,32,3,5,0,0,0,0,0,0,2,21,17,27,35,8,9.38,-77.14,17.200468253968257,196.74,2.21,8
539125,Ontario,Toronto,female,Bachelor,Suburban,45345.0,Married,Nova,2017-02-09,2021-08-08,14696.64,Standard,3,2,178,319007,1792.17,0.3,0.0,58,24,15,10,8,0,22,15,39,27,0,19,0,65,55,12.07,-15.38,26.899071428571432,82.57,0.0,54
183692,Quebec,Montreal,male,Bachelor,Urban,37899.0,Married,Nova,2021-02-19,2021-10-19,14854.2,2021 Promotion,3,2,39,81782,2096.97,0.28,0.0,0,0,0,0,7,3,9,5,5,0,10,0,0,0,39,0.0,0.0,7.049999999999999,380.88,0.0,8
912939,Quebec,Montreal,male,Bachelor,Rural,20656.0,Single,Nova,2020-10-13,2021-08-10,15120.21,Standard,3,2,74,98118,1325.92,0.27,0.0,14,7,1,6,9,11,0,12,0,0,0,0,28,15,46,7.14,206.67,19.573611111111113,204.33,0.0,10
943195,Nova Scotia,Halifax,female,College,Suburban,0.0,Married,Nova,2017-10-16,2020-08-14,15860.04,Standard,2,2,124,236105,1904.07,0.1,0.0,58,0,17,6,25,13,4,25,34,0,0,0,0,65,0,12.07,-100.0,29.52503968253968,127.9,0.0,34
296097,British Columbia,Victoria,male,Bachelor,Rural,22103.0,Single,Nova,2018-10-25,2021-04-16,16407.66,Standard,3,2,124,293948,2370.55,0.23,0.03,50,24,3,33,0,8,8,0,27,19,0,0,4,55,20,10.0,-63.64,22.410500000000003,132.32,1.85,30
142434,Quebec,Montreal,male,Bachelor,Suburban,57264.0,Divorced,Nova,2019-05-26,2020-01-26,16477.48,Standard,3,2,15,44530,2968.67,0.0,0.0,7,15,0,0,0,0,0,0,0,0,0,0,0,8,0,14.29,-100.0,3.1263492063492064,1098.5,0.0,8
941545,British Columbia,Vancouver,female,Bachelor,Rural,46593.0,Married,Nova,2021-02-23,2021-10-23,16547.64,2021 Promotion,3,2,41,105155,2564.76,0.32,0.07,0,0,0,8,11,3,0,3,6,6,4,0,0,0,41,0.0,0.0,6.980158730158729,403.6,2.11,8
106509,Ontario,Toronto,male,Bachelor,Rural,30915.0,Married,Nova,2020-04-25,2021-10-07,16727.77,Standard,3,2,15,12032,802.13,0.67,0.0,0,0,0,0,0,0,0,0,14,0,1,0,0,0,15,0.0,0.0,5.449999999999999,1115.18,0.0,17
715792,British Columbia,Vancouver,female,Bachelor,Urban,96917.0,Married,Nova,2018-06-22,2021-05-03,17263.64,Standard,3,2,213,405640,1904.41,0.19,0.03,86,7,29,13,27,11,13,6,17,25,23,13,30,96,31,11.63,-67.71,23.287777777777773,81.05,1.54,34
677901,Alberta,Edmonton,male,College,Urban,0.0,Married,Nova,2019-06-22,2020-02-22,17771.55,Standard,2,2,2,6910,3455.0,0.0,0.0,1,0,2,0,0,0,0,0,0,0,0,0,0,1,0,0.0,-100.0,0.048849206349206344,8885.78,0.0,8
685518,Alberta,Calgary,male,Bachelor,Suburban,35704.0,Married,Nova,2020-06-15,2021-02-15,18042.48,Standard,3,2,70,190767,2725.24,0.19,0.05,29,0,9,0,0,0,0,0,17,19,4,6,15,32,9,10.34,-71.88,11.789873015873015,257.75,2.03,8
300623,Quebec,Tremblant,male,Bachelor,Urban,57882.0,Single,Nova,2016-03-26,2020-09-25,18060.48,Standard,3,2,80,210852,2635.65,0.5,0.03,38,2,0,8,25,0,6,11,15,13,0,0,0,42,0,10.53,-100.0,12.735714285714286,225.76,2.79,54
201436,Alberta,Edmonton,female,Bachelor,Urban,72196.0,Single,Nova,2019-01-22,2020-05-07,18929.33,Standard,3,2,25,94491,3779.64,0.16,0.0,12,4,13,0,8,0,0,0,0,0,0,0,0,13,0,8.33,-100.0,3.084087301587303,757.17,0.0,15
380788,Quebec,Montreal,female,Bachelor,Suburban,91535.0,Married,Nova,2019-02-12,2021-02-02,18938.54,Standard,3,2,103,310380,3013.4,0.3,0.08,48,4,6,0,4,17,0,15,17,10,11,0,19,53,2,10.42,-96.23,12.480849206349209,183.87,0.76,24
695162,Manitoba,Winnipeg,female,College,Urban,0.0,Single,Nova,2019-07-09,2020-12-30,19668.87,Standard,2,2,120,236580,1971.5,0.25,0.0,57,0,0,0,8,17,32,32,6,10,13,2,0,63,0,10.53,-100.0,27.879642857142862,163.91,0.0,18
700650,British Columbia,Vancouver,female,Bachelor,Rural,63755.0,Married,Nova,2016-10-02,2021-07-06,19884.92,Standard,3,2,87,118271,1359.44,0.32,0.05,41,11,2,10,11,0,0,36,0,0,15,2,0,46,0,12.2,-100.0,21.035777777777778,228.56,3.38,57
667314,Ontario,Toronto,male,College,Urban,0.0,Single,Nova,2019-03-29,2021-03-06,20604.02,Standard,2,2,141,392918,2786.65,0.51,0.04,63,6,14,15,0,6,0,34,25,17,4,21,0,70,8,11.11,-88.57,26.90428571428571,146.13,1.31,23
750199,British Columbia,Whistler,female,Bachelor,Suburban,21897.0,Single,Nova,2018-06-09,2021-07-18,21418.36,Standard,3,2,155,259747,1675.79,0.21,0.08,52,10,25,28,19,4,20,10,30,4,0,6,0,58,45,11.54,-22.41,30.155301587301594,138.18,1.09,37
191044,British Columbia,Victoria,female,College,Suburban,0.0,Married,Nova,2017-04-09,2020-01-11,21423.64,Standard,2,2,2,26319,13159.5,0.0,0.0,1,2,0,0,0,0,0,0,0,0,0,0,0,1,0,0.0,-100.0,0.04884920634920635,10711.82,0.0,33
770759,British Columbia,Vancouver,male,College,Urban,0.0,Married,Nova,2017-04-18,2020-06-15,22041.86,Standard,2,2,63,105458,1673.94,0.44,0.28,30,17,0,25,0,13,8,0,0,0,0,0,0,33,0,10.0,-100.0,13.169928571428573,349.87,0.75,38
742321,Quebec,Montreal,female,Bachelor,Rural,49078.0,Single,Nova,2017-03-03,2020-04-30,22332.44,Standard,3,2,21,110835,5277.86,0.52,0.0,10,0,6,0,15,0,0,0,0,0,0,0,0,11,0,10.0,-100.0,3.428468253968253,1063.45,0.0,38
773571,New Brunswick,Fredericton,female,Master,Urban,23665.0,Married,Nova,2020-06-05,2021-02-05,22658.54,Standard,4,2,20,129484,6474.2,0.75,0.0,7,5,0,0,0,0,0,0,0,10,0,2,4,8,5,14.29,-37.5,1.9418730158730158,1132.93,0.0,8
966350,Ontario,Toronto,female,College,Suburban,0.0,Single,Nova,2017-02-11,2020-06-28,23142.15,Standard,2,2,34,120796,3552.82,0.5,0.0,16,8,11,13,2,0,0,0,0,0,0,0,0,18,0,12.5,-100.0,4.346571428571429,680.65,0.0,41
183388,Quebec,Montreal,male,College,Suburban,0.0,Single,Nova,2020-10-28,2021-09-09,24096.24,Standard,2,2,66,103407,1566.77,0.14,0.03,11,0,9,3,0,3,1,17,0,10,0,23,0,12,43,9.09,258.33,17.982063492063492,365.09,6.82,10
713067,Nova Scotia,Halifax,male,Master,Urban,13663.0,Single,Nova,2019-05-13,2020-01-13,25464.82,Standard,4,2,10,18821,1882.1,0.2,0.39,4,10,0,0,0,0,0,0,0,0,0,0,0,5,0,25.0,-100.0,1.2212301587301582,2546.48,3.43,8
150233,British Columbia,Dawson Creek,female,Bachelor,Suburban,71210.0,Married,Nova,2020-03-29,2020-11-29,25807.06,Standard,3,2,84,197268,2348.43,0.4,0.08,40,0,0,0,11,10,11,32,0,15,0,4,0,44,0,10.0,-100.0,17.93149206349207,307.23,1.59,8
218127,British Columbia,Victoria,male,Bachelor,Urban,63401.0,Married,Nova,2020-07-08,2021-03-08,27643.24,Standard,3,2,71,101848,1434.48,0.35,0.0,28,3,9,0,0,0,0,0,0,0,6,21,32,31,12,10.71,-61.29,20.250182539682545,389.34,0.0,8
480435,British Columbia,Vancouver,male,Bachelor,Rural,68906.0,Married,Nova,2020-04-19,2020-12-26,30118.66,Standard,3,2,146,274366,1879.22,0.34,0.0,69,0,0,0,0,28,19,36,19,19,25,0,0,77,0,11.59,-100.0,37.57151587301587,206.29,0.0,8
781293,Ontario,Toronto,male,Bachelor,Urban,41279.0,Single,Nova,2020-01-13,2020-09-13,30763.26,Standard,3,2,32,92363,2886.34,0.31,0.0,15,0,0,6,23,0,0,0,4,0,0,0,0,17,0,13.33,-100.0,7.291134920634921,961.35,0.0,8
857219,Ontario,Trenton,female,Bachelor,Rural,57659.0,Divorced,Nova,2019-06-02,2020-02-02,30909.22,Standard,3,2,38,54175,1425.66,0.0,0.0,18,15,23,0,0,0,0,0,0,0,0,0,0,20,0,11.11,-100.0,9.610539682539683,813.4,0.0,8
729805,British Columbia,Vancouver,female,Bachelor,Rural,89057.0,Married,Nova,2020-02-20,2021-07-17,31642.1,Standard,3,2,122,169994,1393.39,0.25,0.1,52,1,2,17,22,4,0,27,25,25,0,0,0,58,12,11.54,-79.31,25.455968253968255,259.36,1.86,17
108896,Ontario,Toronto,male,Bachelor,Suburban,91375.0,Married,Nova,2020-06-16,2021-02-16,32196.6,Standard,3,2,59,206520,3500.34,0.46,0.0,28,0,0,0,0,0,0,6,17,4,4,17,11,31,0,10.71,-100.0,8.365230158730155,545.71,0.0,8
259734,British Columbia,Victoria,male,Bachelor,Suburban,60455.0,Single,Nova,2020-07-20,2021-03-20,32450.39,Standard,3,2,38,54608,1437.05,0.18,0.0,16,4,0,0,0,0,0,0,0,23,11,0,0,18,4,12.5,-77.78,8.607587301587301,853.96,0.0,8
196096,British Columbia,Vancouver,female,Bachelor,Urban,56343.0,Divorced,Nova,2021-01-02,2021-03-28,35203.57,Standard,3,2,17,50575,2975.0,0.0,0.0,0,0,4,13,0,0,0,0,0,0,0,0,0,0,17,0.0,0.0,5.056349206349206,2070.8,0.0,3
671764,Alberta,Edmonton,male,Doctor,Urban,17588.0,Single,Nova,2021-03-16,2021-11-16,35850.6,2021 Promotion,5,2,66,157129,2380.74,0.41,0.03,0,0,0,0,4,15,4,10,9,10,9,5,0,0,66,0.0,0.0,14.942857142857147,543.19,8.87,8
231080,Quebec,Montreal,male,Bachelor,Suburban,66216.0,Single,Nova,2019-09-04,2020-05-04,36860.73,Standard,3,2,38,75595,1989.34,0.34,0.08,18,21,0,17,0,0,0,0,0,0,0,0,0,20,0,11.11,-100.0,9.300253968253969,970.02,6.34,8
717100,British Columbia,Vancouver,female,College,Urban,0.0,Single,Star,2016-03-14,2021-10-19,1898.68,Standard,2,1,244,420356,1722.77,0.28,0.07,86,0,24,28,20,31,44,28,43,9,0,15,0,95,63,10.47,-33.68,38.792658730158735,7.78,0.07,67
932748,Quebec,Tremblant,male,College,Rural,0.0,Single,Star,2020-09-08,2021-05-08,1940.98,Standard,2,1,76,84725,1114.8,0.29,0.04,14,8,7,14,12,6,0,0,0,0,13,15,0,15,47,7.14,213.33,15.291134920634924,25.54,0.54,8
401956,British Columbia,West Vancouver,female,College,Urban,0.0,Divorced,Star,2019-09-04,2021-07-02,2004.35,Standard,2,1,155,296687,1914.11,0.23,0.01,51,17,4,15,26,4,19,15,32,0,21,0,2,57,47,11.76,-17.54,27.56751587301587,12.93,0.48,22
924787,British Columbia,Vancouver,male,College,Rural,0.0,Divorced,Star,2019-03-21,2021-12-20,2004.35,Standard,2,1,222,256777,1156.65,0.3,0.03,73,0,10,42,0,27,16,32,35,28,23,9,0,81,68,10.96,-16.05,40.98980158730159,9.03,0.24,33
370443,British Columbia,Vancouver,female,College,Urban,0.0,Single,Star,2017-08-24,2021-09-27,2009.77,Standard,2,1,184,460220,2501.2,0.21,0.04,52,9,11,5,9,14,0,52,38,10,2,19,15,58,74,11.54,27.59,35.51857142857143,10.92,0.12,49
673301,Newfoundland,St. John's,male,College,Suburban,0.0,Single,Star,2020-02-24,2021-09-18,2086.61,Standard,2,1,175,392229,2241.31,0.32,0.05,56,9,0,13,17,18,36,13,40,15,0,0,13,62,57,10.71,-8.06,24.8048253968254,11.92,0.1,19
769023,British Columbia,West Vancouver,male,College,Rural,0.0,Single,Star,2017-07-12,2021-03-10,2113.86,Standard,2,1,161,280068,1739.55,0.17,0.0,62,23,3,17,0,11,0,30,30,2,25,10,10,69,30,11.29,-56.52,31.832214285714286,13.13,0.0,44
425779,Ontario,Thunder Bay,male,College,Rural,0.0,Single,Star,2020-02-26,2020-10-04,2117.99,Standard,2,1,70,39539,564.84,0.21,0.23,33,0,0,17,0,21,4,0,0,28,0,0,0,37,0,12.12,-100.0,18.366563492063495,30.26,0.23,7
304620,Ontario,Toronto,male,College,Rural,0.0,Single,Star,2019-12-14,2020-08-14,2144.92,Standard,2,1,129,179512,1391.57,0.16,0.04,61,6,0,27,17,13,0,34,32,0,0,0,0,68,0,11.48,-100.0,35.77701587301589,16.63,0.29,8
290356,British Columbia,West Vancouver,female,College,Suburban,0.0,Single,Star,2021-02-25,2021-10-25,2150.91,2021 Promotion,2,1,31,145244,4685.29,0.58,0.04,0,0,0,6,0,0,3,6,11,1,4,0,0,0,31,0.0,0.0,5.4944444444444445,69.38,0.34,8
667356,Quebec,Montreal,female,College,Suburban,0.0,Single,Star,2019-07-09,2020-03-09,2155.21,Standard,2,1,6,28956,4826.0,1.0,0.18,3,0,6,0,0,0,0,0,0,0,0,0,0,3,0,0.0,-100.0,0.4396428571428572,359.2,0.42,8
492575,Ontario,Toronto,female,College,Suburban,0.0,Single,Star,2020-03-23,2020-11-23,2179.43,Standard,2,1,150,205548,1370.32,0.09,0.05,71,0,0,0,2,27,25,17,34,23,23,0,0,79,0,11.27,-100.0,36.88446825396825,14.53,0.23,8
204111,Ontario,Kingston,male,College,Urban,0.0,Single,Star,2020-02-06,2020-10-06,2188.66,Standard,2,1,23,100324,4361.91,0.65,0.16,11,0,0,0,2,0,4,0,0,11,6,0,0,12,0,9.09,-100.0,2.1731428571428575,95.16,0.13,8
897673,Ontario,Toronto,male,College,Suburban,0.0,Divorced,Star,2020-09-13,2021-05-13,2242.24,Standard,2,1,73,180636,2474.47,0.4,0.07,19,8,3,0,10,12,0,0,0,0,19,0,21,21,33,10.53,57.14,16.268214285714286,30.72,0.17,8
536848,Quebec,Quebec City,female,Master,Urban,24910.0,Single,Star,2017-11-07,2020-06-01,2248.45,Standard,4,1,82,180128,2196.68,0.41,0.15,39,6,21,0,8,13,34,0,0,0,0,0,0,43,0,10.26,-100.0,21.542182539682543,27.42,0.08,31
504455,Ontario,Ottawa,female,College,Suburban,0.0,Divorced,Star,2021-06-18,2021-08-28,2249.87,Standard,2,1,26,18775,722.12,0.31,0.0,0,0,0,0,0,0,0,8,18,0,0,0,0,0,26,0.0,0.0,10.549206349206349,86.53,0.0,2
153760,Quebec,Hull,male,College,Urban,0.0,Single,Star,2019-07-25,2020-03-25,2275.4,Standard,2,1,34,77288,2273.18,0.68,0.1,16,0,23,11,0,0,0,0,0,0,0,0,0,18,0,12.5,-100.0,8.380285714285714,66.92,0.29,8
153656,Alberta,Banff,female,College,Suburban,0.0,Married,Star,2019-12-10,2020-08-10,2287.6,Standard,2,1,108,128014,1185.31,0.12,0.0,51,15,8,27,0,21,21,17,0,0,0,0,0,57,0,11.76,-100.0,21.668214285714285,21.18,0.0,8
506293,Ontario,Thunder Bay,male,College,Suburban,0.0,Single,Star,2020-03-27,2020-11-27,2290.68,Standard,2,1,65,226242,3480.65,0.26,0.0,31,0,0,0,10,0,34,21,0,0,0,0,0,34,0,9.68,-100.0,20.99368253968254,35.24,0.0,8
788283,Ontario,Kingston,female,High School or Below,Suburban,16143.0,Married,Star,2018-05-02,2020-02-17,2312.33,Standard,1,1,25,29591,1183.64,0.6,0.0,12,15,10,0,0,0,0,0,0,0,0,0,0,13,0,8.33,-100.0,4.118373015873015,92.49,0.0,22
527434,Ontario,Toronto,male,College,Rural,0.0,Single,Star,2016-09-09,2021-10-14,2321.88,Standard,2,1,87,278522,3201.4,0.55,0.04,29,3,21,3,6,7,0,21,19,0,6,0,2,32,26,10.34,-18.75,14.159873015873014,26.69,0.22,61
888316,British Columbia,Victoria,female,College,Suburban,0.0,Single,Star,2019-05-20,2020-01-20,2336.18,Standard,2,1,15,26845,1789.67,0.53,0.26,7,15,0,0,0,0,0,0,0,0,0,0,0,8,0,14.29,-100.0,3.1263492063492064,155.75,0.33,8
981220,Nova Scotia,Halifax,male,High School or Below,Suburban,22932.0,Married,Star,2019-10-29,2020-10-14,2346.68,Standard,1,1,53,156780,2958.11,0.28,0.03,25,11,0,0,6,0,0,0,13,23,0,0,0,28,0,12.0,-100.0,10.061777777777774,44.28,0.5,12
475930,Quebec,Montreal,female,Doctor,Urban,19864.0,Divorced,Star,2020-05-16,2021-01-16,2359.42,Standard,5,1,84,168705,2008.39,0.13,0.0,40,0,0,0,0,0,0,36,0,25,0,21,2,44,0,10.0,-100.0,28.170920634920638,28.09,0.0,8
686612,Quebec,Hull,male,Doctor,Suburban,19864.0,Divorced,Star,2018-03-07,2020-02-24,2359.42,Standard,5,1,28,30558,1091.36,0.39,0.0,14,13,15,0,0,0,0,0,0,0,0,0,0,15,0,7.14,-100.0,5.199071428571427,84.26,0.0,24
676873,New Brunswick,Fredericton,male,College,Rural,0.0,Single,Star,2017-06-16,2021-08-10,2360.6,Standard,2,1,188,300816,1600.09,0.15,0.02,76,4,9,16,0,38,11,41,28,0,8,0,32,85,27,11.84,-68.24,40.25837301587302,12.56,0.49,50
664034,British Columbia,Vancouver,male,College,Suburban,0.0,Single,Star,2016-12-26,2021-03-02,2369.44,Standard,2,1,142,275683,1941.43,0.36,0.07,57,26,9,19,4,0,0,28,28,15,4,0,8,63,22,10.53,-65.08,24.33494444444445,16.69,0.12,50
139479,Ontario,Kingston,female,High School or Below,Urban,25550.0,Married,Star,2020-07-27,2021-03-27,2372.29,Standard,1,1,95,143539,1510.94,0.23,0.0,40,0,0,11,0,0,0,0,19,15,23,17,10,44,11,10.0,-75.0,17.764349206349205,24.97,0.0,8
654225,British Columbia,Whistler,female,Bachelor,Urban,47455.0,Single,Star,2020-10-20,2021-06-20,2375.0,Standard,3,1,66,144654,2191.73,0.03,0.0,9,1,10,12,9,15,0,0,0,0,0,17,2,10,47,11.11,370.0,16.526285714285713,35.98,0.0,8
418636,Manitoba,Winnipeg,male,College,Rural,0.0,Single,Star,2021-01-20,2021-07-05,2378.09,Standard,2,1,36,115786,3216.28,0.31,0.0,0,0,9,3,8,7,0,9,0,0,0,0,0,0,36,0.0,0.0,7.085714285714285,66.06,0.0,5
566714,Quebec,Tremblant,female,Bachelor,Suburban,69202.0,Single,Star,2016-05-10,2021-09-16,2379.83,Standard,3,1,180,342442,1902.46,0.29,0.03,69,2,4,30,17,18,28,0,41,9,15,0,15,77,34,11.59,-55.84,30.419071428571435,13.22,0.27,64
809207,British Columbia,Victoria,female,College,Rural,0.0,Married,Star,2021-01-21,2021-09-21,2382.71,Standard,2,1,88,116891,1328.31,0.24,0.0,0,0,5,8,11,15,7,18,9,15,0,0,0,0,88,0.0,0.0,25.682539682539684,27.08,0.0,8
453587,Alberta,Calgary,female,College,Urban,0.0,Single,Star,2019-09-10,2020-03-04,2383.73,Standard,2,1,30,30111,1003.7,0.0,0.0,14,0,0,30,0,0,0,0,0,0,0,0,0,16,0,14.29,-100.0,12.505396825396824,79.46,0.0,6
117975,Ontario,Kingston,male,College,Rural,0.0,Single,Star,2019-11-08,2020-02-21,2393.92,Standard,2,1,10,31266,3126.6,0.0,0.0,4,0,10,0,0,0,0,0,0,0,0,0,0,5,0,25.0,-100.0,1.2212301587301582,239.39,0.0,3
988419,Saskatchewan,Regina,female,Doctor,Rural,21986.0,Divorced,Star,2021-03-25,2021-11-25,2395.57,2021 Promotion,5,1,41,147815,3605.24,0.59,0.0,0,0,0,0,7,9,0,4,9,3,4,5,0,0,41,0.0,0.0,6.580158730158731,58.43,0.0,8
367617,Quebec,Quebec City,male,Master,Suburban,22283.0,Divorced,Star,2019-05-06,2020-07-17,2397.04,Standard,4,1,11,38420,3492.73,0.0,0.0,5,0,0,0,11,0,0,0,0,0,0,0,0,6,0,20.0,-100.0,1.758571428571429,217.91,0.0,14
440213,Quebec,Tremblant,male,Master,Suburban,22283.0,Divorced,Star,2019-08-27,2021-07-23,2397.04,Standard,4,1,149,347769,2334.02,0.07,0.01,56,7,5,22,24,14,1,36,0,15,25,0,0,62,31,10.71,-50.0,23.23542857142857,16.09,0.57,23
953927,Manitoba,Winnipeg,female,College,Urban,0.0,Single,Star,2020-12-02,2021-08-02,2397.54,Standard,2,1,27,105104,3892.74,0.56,0.0,0,4,4,6,0,10,0,3,0,0,0,0,0,0,27,0.0,0.0,4.4785714285714295,88.8,0.0,8
592218,Ontario,Toronto,male,Bachelor,Urban,59665.0,Single,Star,2018-08-27,2020-01-24,2409.76,Standard,3,1,17,42854,2520.82,0.0,0.0,8,17,0,0,0,0,0,0,0,0,0,0,0,9,0,12.5,-100.0,3.9567857142857137,141.75,0.0,17
946963,Ontario,Kingston,female,Bachelor,Rural,79271.0,Married,Star,2019-08-15,2020-04-15,2414.64,Standard,3,1,51,101200,1984.31,0.33,0.19,24,21,19,10,2,0,0,0,0,0,0,0,0,27,0,12.5,-100.0,10.684785714285717,47.35,0.13,8
490439,Ontario,Ottawa,male,College,Rural,0.0,Married,Star,2020-05-27,2021-01-27,2415.83,Standard,2,1,72,154492,2145.72,0.22,0.0,31,7,0,0,0,0,13,21,28,0,0,0,2,34,7,9.68,-79.41,17.810158730158733,33.55,0.0,8
436705,New Brunswick,Fredericton,male,College,Rural,0.0,Married,Star,2017-12-13,2021-04-24,2416.48,Standard,2,1,116,210028,1810.59,0.24,0.0,52,3,3,25,0,0,4,10,28,19,15,0,10,58,6,11.54,-89.66,21.447206349206343,20.83,0.0,40
348245,Ontario,Toronto,male,College,Suburban,0.0,Married,Star,2020-12-06,2021-08-06,2419.31,Standard,2,1,41,94530,2305.61,0.12,0.0,0,0,0,7,0,0,2,20,12,0,0,0,0,0,41,0.0,0.0,15.723015873015873,59.01,0.0,8
967253,Manitoba,Winnipeg,male,Bachelor,Suburban,27093.0,Married,Star,2018-01-10,2020-11-25,2424.42,Standard,3,1,131,213720,1631.45,0.37,0.0,62,8,8,19,8,6,19,10,2,17,15,21,0,69,0,11.29,-100.0,14.750500000000008,18.51,0.0,34
477599,Ontario,Ottawa,male,Bachelor,Suburban,49008.0,Married,Star,2019-10-17,2020-06-17,2424.69,Standard,3,1,27,37103,1374.19,0.0,0.0,13,0,23,0,0,0,4,0,0,0,0,0,0,14,0,7.69,-100.0,7.092158730158729,89.8,0.0,8
941122,British Columbia,Vancouver,male,Bachelor,Rural,24409.0,Married,Star,2016-03-29,2021-02-10,2427.77,Standard,3,1,205,389131,1898.2,0.21,0.04,97,15,11,6,23,25,25,13,34,19,6,0,28,108,0,11.34,-100.0,33.706857142857146,11.84,0.16,58
167001,British Columbia,Vancouver,female,College,Suburban,0.0,Married,Star,2019-11-07,2020-07-07,2430.8,Standard,2,1,70,213436,3049.09,0.4,0.03,33,10,2,13,0,11,27,8,0,0,0,0,0,37,0,12.12,-100.0,12.781420634920636,34.73,0.36,8
497613,British Columbia,Vancouver,male,College,Urban,0.0,Single,Star,2018-12-13,2021-09-13,2433.91,Standard,2,1,191,434364,2274.16,0.2,0.03,65,9,18,34,21,11,4,25,18,25,0,6,21,72,54,10.77,-25.0,18.169714285714285,12.74,0.21,33
536132,Quebec,Montreal,female,College,Rural,0.0,Married,Star,2016-01-18,2021-06-26,2436.84,Standard,2,1,128,234809,1834.45,0.34,0.08,41,4,12,36,29,11,17,13,2,0,4,0,0,46,41,12.2,-10.87,24.145142857142858,19.04,0.12,65
704607,Ontario,Trenton,male,College,Urban,0.0,Married,Star,2020-07-01,2021-03-01,2444.74,Standard,2,1,47,47846,1018.0,0.3,0.29,20,0,5,0,0,0,0,0,0,21,15,0,6,22,5,10.0,-77.27,9.008571428571427,52.02,0.18,8
262937,Ontario,Toronto,male,Bachelor,Urban,84658.0,Single,Star,2021-07-11,2021-10-11,2447.05,Standard,3,1,18,26590,1477.22,0.39,0.25,0,0,0,0,0,0,0,0,7,11,0,0,0,0,18,0.0,0.0,4.6,135.95,0.37,3
684103,Quebec,Tremblant,male,College,Rural,0.0,Single,Star,2019-07-27,2020-03-27,2448.86,Standard,2,1,21,46098,2195.14,0.9,0.15,10,0,6,15,0,0,0,0,0,0,0,0,0,11,0,10.0,-100.0,3.428468253968253,116.61,0.35,8
464639,Ontario,Toronto,male,Bachelor,Urban,51085.0,Married,Star,2016-11-30,2021-03-14,2452.49,Standard,3,1,184,308169,1674.83,0.38,0.03,79,17,15,34,6,0,28,0,8,15,23,17,21,88,17,11.39,-80.68,24.79685714285715,13.33,0.31,51
923268,Alberta,Edmonton,female,Bachelor,Urban,52926.0,Married,Star,2021-04-26,2021-12-26,2457.58,2021 Promotion,3,1,22,55137,2506.23,0.59,0.09,0,0,0,0,0,5,0,0,0,8,9,0,0,0,22,0.0,0.0,4.473015873015872,111.71,0.51,8
950390,Alberta,Peace River,male,Bachelor,Suburban,21190.0,Married,Star,2019-09-21,2020-05-21,2459.17,Standard,3,1,59,86980,1474.24,0.58,0.0,28,17,8,25,0,10,0,0,0,0,0,0,0,31,0,10.71,-100.0,12.295515873015873,41.68,0.0,8
492265,British Columbia,Vancouver,female,Bachelor,Urban,55257.0,Married,Star,2019-09-28,2020-05-28,2469.57,Standard,3,1,49,98536,2010.94,0.27,0.18,23,6,19,17,2,6,0,0,0,0,0,0,0,26,0,13.04,-100.0,8.406063492063494,50.4,0.14,8
575342,New Brunswick,Moncton,female,Bachelor,Urban,63860.0,Married,Star,2018-01-01,2020-11-21,2472.47,Standard,3,1,150,215283,1435.22,0.19,0.04,71,25,17,0,15,13,0,15,21,25,19,0,0,79,0,11.27,-100.0,24.369611111111123,16.48,0.29,35
773844,British Columbia,Vancouver,male,Bachelor,Rural,63860.0,Married,Star,2020-12-09,2021-08-09,2472.47,Standard,3,1,54,81341,1506.31,0.37,0.0,0,5,0,3,5,15,10,0,16,0,0,0,0,0,54,0.0,0.0,15.971428571428572,45.79,0.0,8
789288,Quebec,Tremblant,female,Bachelor,Rural,63860.0,Married,Star,2017-03-24,2020-09-05,2472.47,Standard,3,1,65,208607,3209.34,0.43,0.1,31,0,21,2,11,10,0,13,6,2,0,0,0,34,0,9.68,-100.0,9.202825396825402,38.04,0.12,41
186901,Ontario,Toronto,female,Bachelor,Urban,29444.0,Married,Star,2019-05-04,2021-04-02,2480.53,Standard,3,1,139,273796,1969.76,0.15,0.0,59,28,13,0,0,0,13,23,27,25,6,6,0,66,14,11.86,-78.79,23.887777777777785,17.85,0.0,23
887117,Ontario,Toronto,female,Doctor,Suburban,26100.0,Single,Star,2020-12-25,2021-08-25,2482.41,Standard,5,1,62,114797,1851.56,0.18,0.06,0,0,9,7,1,11,2,14,18,0,0,0,0,0,62,0.0,0.0,19.12063492063492,40.04,0.33,8
172259,British Columbia,Victoria,female,High School or Below,Suburban,25965.0,Divorced,Star,2019-07-18,2020-12-27,2491.26,Standard,1,1,137,267714,1954.12,0.35,0.0,65,0,0,30,0,23,11,27,19,19,0,8,0,72,0,10.77,-100.0,29.001142857142867,18.18,0.0,17
706884,Manitoba,Winnipeg,male,High School or Below,Urban,14906.0,Married,Star,2018-11-19,2021-01-29,2511.7,Standard,1,1,163,245322,1505.04,0.31,0.09,77,17,17,25,0,2,15,0,32,11,23,21,0,86,0,11.69,-100.0,29.800158730158728,15.41,0.12,26
618823,Alberta,Edmonton,male,Bachelor,Suburban,43860.0,Single,Star,2018-07-09,2021-06-22,2514.59,Standard,3,1,163,339409,2082.26,0.15,0.01,59,11,5,11,19,32,16,0,13,6,0,19,30,66,38,11.86,-42.42,22.5955873015873,15.43,0.85,35
838845,Alberta,Edmonton,female,College,Urban,0.0,Married,Star,2020-08-26,2021-04-26,2520.12,Standard,2,1,59,163800,2776.27,0.27,0.05,15,8,9,5,5,0,0,0,0,0,4,25,4,17,27,13.33,58.82,11.933992063492061,42.71,0.3,8
929712,Ontario,Toronto,female,College,Rural,0.0,Married,Star,2020-04-30,2020-12-30,2520.12,Standard,2,1,46,114834,2496.39,0.37,0.07,22,0,0,0,0,13,0,4,0,0,17,11,0,24,0,9.09,-100.0,7.141142857142856,54.79,0.31,8
711571,Ontario,Toronto,male,Bachelor,Urban,43072.0,Married,Star,2016-07-07,2020-11-24,2523.07,Standard,3,1,97,241245,2487.06,0.15,0.0,46,0,13,0,11,28,0,0,32,8,4,0,0,51,0,10.87,-100.0,24.55907142857143,26.01,0.0,53
250363,Quebec,Montreal,male,Bachelor,Suburban,94003.0,Single,Star,2021-03-18,2021-11-18,2534.95,2021 Promotion,3,1,45,75138,1669.73,0.09,0.0,0,0,0,0,8,3,16,9,9,0,0,0,0,0,45,0.0,0.0,12.42142857142857,56.33,0.0,8
113578,British Columbia,Vancouver,male,Bachelor,Urban,37072.0,Married,Star,2016-06-30,2020-05-19,2542.85,Standard,3,1,21,102172,4865.33,0.19,0.0,10,0,13,0,8,0,0,0,0,0,0,0,0,11,0,10.0,-100.0,3.014753968253968,121.09,0.0,47
796544,Newfoundland,St. John's,female,College,Urban,0.0,Single,Star,2019-10-31,2020-03-02,2545.06,Standard,2,1,13,26524,2040.31,0.0,0.0,6,0,13,0,0,0,0,0,0,0,0,0,0,7,0,16.67,-100.0,2.393611111111111,195.77,0.0,4
439252,Alberta,Edmonton,male,College,Urban,0.0,Single,Star,2019-07-01,2020-03-01,2549.45,Standard,2,1,6,15225,2537.5,0.33,0.0,3,0,6,0,0,0,0,0,0,0,0,0,0,3,0,0.0,-100.0,0.4396428571428572,424.91,0.0,8
593327,Ontario,Toronto,female,High School or Below,Urban,12459.0,Married,Star,2019-07-11,2021-03-05,2554.44,Standard,1,1,70,217104,3101.49,0.53,0.0,30,7,11,0,0,4,36,0,0,0,0,0,11,33,7,10.0,-78.79,20.143515873015875,36.49,0.0,20
114214,Quebec,Montreal,female,College,Urban,0.0,Married,Star,2020-05-02,2021-04-18,2554.55,Standard,2,1,72,134799,1872.21,0.44,0.0,18,0,9,13,12,0,0,0,0,0,8,10,21,20,34,11.11,70.0,15.520571428571433,35.48,0.0,12
877419,Quebec,Tremblant,female,Bachelor,Suburban,88059.0,Married,Star,2017-08-13,2021-01-16,2560.08,Standard,3,1,167,196497,1176.63,0.14,0.04,76,18,0,0,27,30,0,28,25,21,0,17,0,84,7,10.53,-91.67,35.430063492063496,15.33,0.34,41
164298,British Columbia,Vancouver,female,High School or Below,Suburban,11167.0,Married,Star,2018-06-20,2020-12-14,2568.84,Standard,1,1,141,213991,1517.67,0.26,0.0,67,0,0,23,19,21,30,13,0,4,13,4,13,74,0,10.45,-100.0,24.44111111111111,18.22,0.0,30
165224,Alberta,Peace River,female,Bachelor,Rural,34990.0,Single,Star,2019-08-12,2020-04-12,2574.02,Standard,3,1,32,68309,2134.66,0.0,0.0,15,0,17,2,13,0,0,0,0,0,0,0,0,17,0,13.33,-100.0,5.946563492063491,80.44,0.0,8
717762,Ontario,Toronto,male,Bachelor,Rural,34990.0,Single,Star,2021-01-15,2021-09-15,2574.02,Standard,3,1,68,40621,597.37,0.13,0.0,0,0,0,10,0,6,18,16,16,2,0,0,0,0,68,0.0,0.0,24.215873015873015,37.85,0.0,8
848694,Ontario,Toronto,male,High School or Below,Rural,26854.0,Married,Star,2020-04-23,2021-01-05,2576.46,Standard,1,1,117,178666,1527.06,0.09,0.0,51,9,0,0,0,0,0,21,32,0,27,13,15,57,9,11.76,-84.21,28.576785714285705,22.02,0.0,8
630694,Ontario,Thunder Bay,female,Bachelor,Urban,46900.0,Married,Star,2019-10-04,2020-06-04,2580.85,Standard,3,1,32,61649,1926.53,0.25,0.14,15,0,17,13,0,0,2,0,0,0,0,0,0,17,0,13.33,-100.0,5.9465634920634916,80.65,0.3,8
695069,Ontario,Toronto,male,Bachelor,Urban,50148.0,Married,Star,2019-02-06,2020-04-07,2582.86,Standard,3,1,8,24400,3050.0,0.0,0.0,4,8,0,0,0,0,0,0,0,0,0,0,0,4,0,0.0,-100.0,0.7815873015873016,322.86,0.0,14
228772,Ontario,Toronto,female,Bachelor,Suburban,72731.0,Married,Star,2016-07-13,2020-06-07,2584.53,Standard,3,1,48,163410,3404.38,0.27,0.0,22,8,0,27,2,6,6,0,0,0,0,0,0,25,0,13.64,-100.0,10.155325396825399,53.84,0.0,47
375203,Ontario,Toronto,male,Bachelor,Suburban,72421.0,Married,Star,2019-05-02,2020-01-02,2592.44,Standard,3,1,15,31867,2124.47,0.0,0.0,7,15,0,0,0,0,0,0,0,0,0,0,0,8,0,14.29,-100.0,3.1263492063492064,172.83,0.0,8
680945,Quebec,Montreal,female,Bachelor,Rural,35705.0,Single,Star,2021-03-16,2021-11-16,2592.89,2021 Promotion,3,1,44,102383,2326.89,0.39,0.04,0,0,0,0,4,3,0,17,4,2,7,7,0,0,44,0.0,0.0,10.806349206349207,58.93,0.72,8
662392,Ontario,Trenton,female,College,Rural,0.0,Single,Star,2016-05-01,2020-01-04,2593.9,Standard,2,1,15,45366,3024.4,0.13,0.0,7,15,0,0,0,0,0,0,0,0,0,0,0,8,0,14.29,-100.0,3.1263492063492064,172.93,0.0,44
205430,Alberta,Edmonton,female,Bachelor,Suburban,29590.0,Married,Star,2020-01-18,2021-09-09,2599.31,Standard,3,1,196,416928,2127.18,0.27,0.01,63,6,12,19,10,15,39,4,33,7,21,13,17,70,63,11.11,-10.0,24.952825396825393,13.26,0.54,20
371079,British Columbia,Victoria,female,Bachelor,Rural,45181.0,Married,Star,2017-08-28,2021-12-12,2599.97,Standard,3,1,209,404126,1933.62,0.32,0.03,63,8,12,0,26,34,4,30,23,15,32,16,10,70,76,11.11,8.57,22.233682539682544,12.44,0.2,51
203133,British Columbia,Dawson Creek,female,Bachelor,Suburban,51978.0,Married,Star,2016-05-06,2021-06-08,2600.27,Standard,3,1,202,387068,1916.18,0.23,0.01,70,12,26,14,31,13,32,19,17,0,21,17,0,78,54,11.43,-30.77,28.77057142857142,12.87,0.6,61
341907,New Brunswick,Moncton,female,Bachelor,Rural,20592.0,Single,Star,2016-01-13,2021-02-24,2605.6,Standard,3,1,100,344504,3445.04,0.28,0.02,43,9,6,6,11,27,8,15,8,0,11,0,0,48,9,11.63,-81.25,14.100857142857146,26.06,0.45,61
739704,British Columbia,Vancouver,male,Bachelor,Suburban,58139.0,Married,Star,2017-02-11,2020-11-24,2609.83,Standard,3,1,103,210841,2047.0,0.26,0.0,49,2,10,0,0,13,4,32,0,13,21,8,0,54,0,10.2,-100.0,20.295142857142856,25.34,0.0,45
946061,Quebec,Montreal,male,Master,Suburban,13424.0,Divorced,Star,2016-01-31,2021-12-18,2611.15,Standard,4,1,132,321449,2435.22,0.31,0.02,38,7,2,10,27,0,0,32,28,16,2,7,1,42,52,10.53,23.81,28.157873015873008,19.78,0.37,71
583223,Quebec,Hull,male,Bachelor,Urban,98338.0,Single,Star,2016-06-01,2021-08-02,2617.18,Standard,3,1,144,298915,2075.8,0.17,0.01,50,3,17,34,11,7,7,20,5,17,0,2,21,56,38,12.0,-32.14,21.565015873015877,18.17,0.61,62
524968,Nova Scotia,Halifax,female,Bachelor,Rural,28663.0,Married,Star,2021-02-26,2021-10-26,2618.33,2021 Promotion,3,1,24,85664,3569.33,0.0,0.0,0,0,0,3,3,2,14,0,0,0,2,0,0,0,24,0.0,0.0,5.885714285714286,109.1,0.0,8
906274,Quebec,Montreal,female,College,Rural,0.0,Single,Star,2020-05-25,2021-01-25,2618.81,Standard,2,1,52,140362,2699.27,0.31,0.02,21,8,0,0,0,0,0,0,0,0,4,10,30,23,8,9.52,-65.22,14.445801587301586,50.36,0.91,8
472445,Ontario,Trenton,male,Bachelor,Suburban,78618.0,Divorced,Star,2016-10-22,2020-09-04,2619.34,Standard,3,1,89,198303,2228.12,0.21,0.09,42,6,2,17,11,21,10,0,19,4,0,0,0,47,0,11.9,-100.0,13.1673253968254,29.43,0.15,46
873022,Nova Scotia,Halifax,female,Bachelor,Rural,26094.0,Married,Star,2016-03-22,2020-12-20,2619.87,Standard,3,1,131,153617,1172.65,0.26,0.05,62,11,19,19,4,0,30,4,0,15,15,13,0,69,0,11.29,-100.0,21.369928571428574,20.0,0.35,57
498319,Saskatchewan,Regina,female,High School or Below,Rural,18129.0,Divorced,Star,2020-12-24,2021-08-05,2624.9,Standard,1,1,33,64882,1966.12,0.15,0.0,0,8,8,10,0,0,0,7,0,0,0,0,0,0,33,0.0,0.0,7.05,79.54,0.0,7
970014,Manitoba,Winnipeg,female,College,Urban,0.0,Single,Star,2020-12-02,2021-08-02,2630.01,Standard,2,1,37,88083,2380.62,0.11,0.05,0,3,0,1,1,11,12,0,9,0,0,0,0,0,37,0.0,0.0,9.113492063492064,71.08,0.64,8
441419,Nova Scotia,Halifax,male,Bachelor,Suburban,37876.0,Single,Star,2020-03-11,2020-11-11,2647.52,Standard,3,1,57,150902,2647.4,0.07,0.0,27,0,0,0,0,0,0,6,8,11,8,25,0,30,0,11.11,-100.0,10.143142857142855,46.45,0.0,8
361266,Ontario,Toronto,female,College,Rural,0.0,Married,Star,2019-11-20,2021-08-05,2652.06,Standard,2,1,236,448431,1900.13,0.31,0.05,93,13,30,17,7,19,33,10,39,25,0,23,21,103,40,10.75,-61.17,26.46370634920635,11.24,0.12,20
484543,British Columbia,Vancouver,male,College,Urban,0.0,Married,Star,2019-12-11,2020-08-11,2657.57,Standard,2,1,84,158971,1892.51,0.23,0.0,40,10,0,0,17,0,0,30,27,0,0,0,0,44,0,10.0,-100.0,23.30977777777778,31.64,0.0,8
473564,Quebec,Montreal,female,Bachelor,Urban,64987.0,Married,Star,2016-08-04,2020-09-08,2659.5,Standard,3,1,48,119191,2483.15,0.52,0.0,22,11,0,0,11,0,0,0,23,2,0,0,0,25,0,13.64,-100.0,9.4313253968254,55.41,0.0,49
503638,Quebec,Quebec City,female,College,Suburban,0.0,Divorced,Star,2021-02-25,2021-10-25,2659.71,2021 Promotion,2,1,43,60208,1400.19,0.33,0.04,0,0,0,0,2,11,18,10,0,2,0,0,0,0,43,0.0,0.0,14.332539682539684,61.85,1.07,8
889501,Saskatchewan,Regina,female,College,Suburban,0.0,Divorced,Star,2020-09-22,2021-05-22,2659.71,Standard,2,1,44,39118,889.05,0.09,0.0,16,6,0,0,0,4,0,0,0,0,13,0,21,18,10,12.5,-44.44,8.726634920634922,60.45,0.0,8
283654,Ontario,Toronto,male,Bachelor,Rural,21297.0,Single,Star,2018-08-15,2021-04-14,2659.98,Standard,3,1,160,237535,1484.59,0.05,0.0,64,18,28,13,21,13,8,0,0,19,8,10,23,71,25,10.94,-64.79,20.316785714285714,16.62,0.0,32
255994,Newfoundland,St. John's,male,High School or Below,Rural,24152.0,Married,Star,2021-02-28,2021-10-28,2661.73,2021 Promotion,1,1,43,135393,3148.67,0.33,0.08,0,0,0,0,0,13,3,12,12,2,1,0,0,0,43,0.0,0.0,11.98968253968254,61.9,0.26,8
188470,British Columbia,Victoria,male,Bachelor,Suburban,56342.0,Single,Star,2018-10-29,2020-12-21,2674.73,Standard,3,1,89,218922,2459.8,0.24,0.0,42,0,23,28,0,2,28,0,0,0,8,0,0,47,0,11.9,-100.0,25.26846825396825,30.05,0.0,26
130439,Alberta,Edmonton,female,Bachelor,Rural,72450.0,Married,Star,2020-05-16,2021-01-16,2678.06,Standard,3,1,74,137528,1858.49,0.27,0.0,32,7,0,0,0,0,11,0,13,15,0,4,23,35,7,9.38,-80.0,12.471642857142857,36.19,0.0,8
763183,Newfoundland,St. John's,female,Bachelor,Suburban,84895.0,Married,Star,2016-02-21,2021-10-01,2683.49,Standard,3,1,146,287288,1967.73,0.2,0.02,58,8,11,10,23,0,15,27,13,0,17,21,0,64,24,10.34,-62.5,22.29682539682539,18.38,0.58,67
901049,Ontario,Toronto,male,Master,Rural,20608.0,Divorced,Star,2020-06-01,2021-02-01,2685.18,Standard,4,1,102,189751,1860.3,0.33,0.03,45,7,0,0,0,0,4,21,19,0,21,4,27,50,7,11.11,-86.0,21.378857142857147,26.33,0.47,8
707999,Newfoundland,St. John's,female,Bachelor,Rural,89771.0,Married,Star,2019-05-31,2020-01-31,2688.86,Standard,3,1,11,29112,2646.55,0.0,0.0,5,11,0,0,0,0,0,0,0,0,0,0,0,6,0,20.0,-100.0,1.758571428571429,244.44,0.0,8
118729,Quebec,Tremblant,male,Bachelor,Rural,33104.0,Married,Star,2020-09-21,2021-05-21,2691.6,Standard,3,1,38,130378,3431.0,0.55,0.0,6,8,0,3,7,7,0,0,0,0,8,0,6,7,25,16.67,257.14,5.014373015873016,70.83,0.0,8
680304,Quebec,Tremblant,female,High School or Below,Suburban,22664.0,Divorced,Star,2019-11-21,2020-07-21,2706.61,Standard,1,1,32,49957,1561.16,0.0,0.0,15,15,17,0,0,0,0,0,0,0,0,0,0,17,0,13.33,-100.0,6.67056349206349,84.58,0.0,8
487823,Ontario,Ottawa,female,Bachelor,Urban,51455.0,Married,Star,2019-03-08,2020-05-04,2707.43,Standard,3,1,32,60720,1897.5,0.34,0.0,15,11,21,0,0,0,0,0,0,0,0,0,0,17,0,13.33,-100.0,7.291134920634919,84.61,0.0,14
822811,Saskatchewan,Regina,female,College,Urban,0.0,Single,Star,2020-03-09,2021-03-07,2710.92,Standard,2,1,129,289704,2245.77,0.37,0.02,54,7,0,8,4,8,30,21,0,0,21,4,27,60,15,11.11,-75.0,27.152285714285718,21.01,0.4,12
433020,Manitoba,Winnipeg,female,Bachelor,Urban,39618.0,Married,Star,2021-03-25,2021-11-25,2712.83,2021 Promotion,3,1,22,98591,4481.41,0.18,0.0,0,0,0,0,0,0,1,0,15,2,3,1,0,0,22,0.0,0.0,6.473015873015873,123.31,0.0,8
721639,British Columbia,Vancouver,male,College,Urban,0.0,Married,Star,2017-10-24,2020-05-30,2713.56,Standard,2,1,101,111655,1105.5,0.1,0.0,48,10,17,21,25,28,0,0,0,0,0,0,0,53,0,10.42,-100.0,24.06656349206349,26.87,0.0,31
786966,British Columbia,Vancouver,male,Master,Suburban,14030.0,Married,Star,2020-03-18,2020-11-18,2719.51,Standard,4,1,66,252820,3830.61,0.35,0.03,32,0,0,0,23,4,11,0,2,21,0,6,0,35,0,9.38,-100.0,12.780277777777785,41.2,0.4,8
158680,Ontario,Sudbury,male,High School or Below,Rural,17576.0,Married,Star,2018-03-30,2021-12-28,2722.21,Standard,1,1,171,369204,2159.09,0.24,0.06,49,7,22,21,20,15,1,15,18,0,11,13,28,54,68,10.2,25.93,25.70301587301588,15.92,0.12,45
641103,Ontario,Trenton,male,Bachelor,Rural,58620.0,Divorced,Star,2019-08-29,2021-11-07,2722.41,Standard,3,1,185,300320,1623.35,0.27,0.0,47,5,16,0,12,0,30,56,44,4,16,2,0,52,86,10.64,65.38,43.912000000000006,14.72,0.0,26
124085,Nova Scotia,Halifax,male,Bachelor,Rural,45025.0,Married,Star,2020-07-12,2021-09-05,2725.32,Standard,3,1,111,233854,2106.79,0.22,0.03,24,5,0,0,3,12,20,19,28,5,4,11,4,27,60,12.5,122.22,31.143642857142854,24.55,0.37,14
180832,Quebec,Montreal,male,Bachelor,Rural,36650.0,Married,Star,2020-02-05,2020-10-05,2725.36,Standard,3,1,118,207915,1761.99,0.21,0.04,56,0,0,28,4,6,0,38,15,21,6,0,0,62,0,10.71,-100.0,32.012920634920626,23.1,0.31,8
746314,Quebec,Montreal,female,College,Rural,0.0,Single,Star,2019-10-24,2020-06-24,2727.74,Standard,2,1,91,120378,1322.84,0.46,0.0,43,0,17,11,19,21,23,0,0,0,0,0,0,48,0,11.63,-100.0,18.325142857142854,29.98,0.0,8
302129,Ontario,Toronto,female,Bachelor,Urban,66900.0,Married,Star,2017-07-27,2021-07-25,2729.13,Standard,3,1,197,309274,1569.92,0.17,0.0,76,13,22,6,13,31,0,57,4,0,0,19,32,84,37,10.53,-55.95,40.03158730158731,13.85,0.0,48
663422,Ontario,Toronto,female,Bachelor,Suburban,69844.0,Married,Star,2020-06-03,2021-10-10,2731.52,Standard,3,1,140,360697,2576.41,0.19,0.03,44,0,8,0,2,0,6,6,43,16,22,4,32,49,47,11.36,-4.08,29.0905,19.51,0.26,16
956081,Ontario,Toronto,male,Bachelor,Rural,92157.0,Single,Star,2019-10-31,2020-06-30,2734.51,Standard,3,1,82,136637,1666.3,0.33,0.17,39,21,0,15,8,27,11,0,0,0,0,0,0,43,0,10.26,-100.0,17.09475396825396,33.35,0.12,8
937065,Quebec,Montreal,male,Bachelor,Rural,78889.0,Married,Star,2016-09-11,2021-11-01,2736.94,Standard,3,1,177,418341,2363.51,0.33,0.03,69,27,14,19,21,8,21,28,0,0,12,8,19,77,31,11.59,-59.74,21.808785714285712,15.46,0.2,62
881628,Ontario,Toronto,female,Bachelor,Suburban,64519.0,Married,Star,2020-08-23,2021-04-23,2742.84,Standard,3,1,63,178550,2834.13,0.48,0.0,16,10,3,5,11,0,0,0,0,4,4,6,21,18,29,12.5,61.11,11.252253968253967,43.54,0.0,8
319768,Ontario,Toronto,male,College,Rural,0.0,Single,Star,2021-02-15,2021-10-15,2749.19,2021 Promotion,2,1,49,102304,2087.84,0.16,0.03,0,0,0,8,0,3,0,16,7,10,5,0,0,0,49,0.0,0.0,12.465873015873015,56.11,0.8,8
976636,British Columbia,Vancouver,female,College,Urban,0.0,Single,Star,2017-08-30,2021-10-22,2749.19,Standard,2,1,152,148596,977.61,0.34,0.08,46,0,11,32,0,6,41,0,39,10,13,0,0,51,55,10.87,7.84,33.69532539682539,18.09,0.23,50
422989,British Columbia,Vancouver,female,Bachelor,Rural,39646.0,Married,Star,2020-04-20,2020-12-20,2769.73,Standard,3,1,84,222638,2650.45,0.48,0.03,40,0,0,0,0,0,10,13,13,0,11,25,11,44,0,10.0,-100.0,13.277206349206345,32.97,0.37,8
501569,British Columbia,Vancouver,female,Bachelor,Suburban,50071.0,Single,Star,2019-12-29,2020-08-29,2771.05,Standard,3,1,78,191678,2457.41,0.1,0.05,37,21,19,0,15,0,10,0,13,0,0,0,0,41,0,10.81,-100.0,13.749230158730159,35.53,0.27,8
305287,British Columbia,Victoria,female,Bachelor,Suburban,78127.0,Married,Star,2016-03-20,2020-04-04,2799.47,Standard,3,1,23,28342,1232.26,0.0,0.0,11,0,0,21,2,0,0,0,0,0,0,0,0,12,0,9.09,-100.0,5.89657142857143,121.72,0.0,48
123586,Quebec,Montreal,male,Bachelor,Rural,50397.0,Married,Star,2017-11-09,2021-11-11,2813.51,Standard,3,1,163,315280,1934.23,0.44,0.05,55,2,21,13,26,0,9,15,21,23,19,11,2,61,47,10.91,-22.95,17.304214285714284,17.26,0.18,48
460037,Quebec,Montreal,male,Bachelor,Suburban,96357.0,Married,Star,2020-12-03,2021-08-03,2847.97,Standard,3,1,77,36181,469.88,0.32,0.15,0,10,8,0,0,13,17,20,9,0,0,0,0,0,77,0.0,0.0,26.808730158730157,36.99,0.53,8
589430,Quebec,Hull,female,Bachelor,Urban,74034.0,Divorced,Star,2019-11-15,2020-07-15,2862.18,Standard,3,1,91,257653,2831.35,0.35,0.03,43,0,19,4,13,17,34,4,0,0,0,0,0,48,0,11.63,-100.0,22.462285714285706,31.45,0.36,8
354176,Ontario,Toronto,female,Master,Rural,10312.0,Married,Star,2017-06-17,2020-04-12,2886.45,Standard,4,1,30,160981,5366.03,0.27,0.0,14,2,0,11,17,0,0,0,0,0,0,0,0,16,0,14.29,-100.0,5.368825396825396,96.21,0.0,34
763000,Ontario,Kingston,male,Bachelor,Rural,30406.0,Married,Star,2020-03-17,2020-11-17,2893.31,Standard,3,1,99,220349,2225.75,0.15,0.0,47,0,0,0,0,0,10,25,34,17,4,10,0,52,0,10.64,-100.0,24.729396825396826,29.23,0.0,8
850170,Alberta,Edmonton,female,Bachelor,Rural,35895.0,Married,Star,2019-10-17,2021-05-17,2908.88,Standard,3,1,227,402016,1771.0,0.14,0.0,91,6,19,38,12,32,21,27,11,25,0,17,19,101,35,10.99,-65.35,27.703706349206346,12.81,0.0,19
615385,British Columbia,Vancouver,female,Bachelor,Urban,85210.0,Divorced,Star,2019-12-27,2020-08-27,2916.42,Standard,3,1,142,230320,1621.97,0.2,0.0,68,21,13,28,4,13,2,34,27,0,0,0,0,75,0,10.29,-100.0,33.99507142857143,20.54,0.0,8
232555,British Columbia,Whistler,male,Bachelor,Rural,41456.0,Married,Star,2018-04-14,2021-10-26,2919.71,Standard,3,1,205,330529,1612.34,0.36,0.04,71,20,4,27,32,8,32,19,4,13,15,21,10,79,55,11.27,-30.38,29.740277777777777,14.24,0.21,42
977363,British Columbia,Whistler,male,Bachelor,Rural,51991.0,Married,Star,2020-09-28,2021-05-28,2927.73,Standard,3,1,62,75661,1220.34,0.11,0.0,12,3,9,9,0,16,0,0,0,0,4,0,21,13,37,8.33,184.62,15.642944444444444,47.22,0.0,8
186807,Ontario,Toronto,male,Bachelor,Urban,53357.0,Married,Star,2016-01-07,2020-07-18,2939.33,Standard,3,1,80,101053,1263.16,0.34,0.04,38,0,23,28,0,21,8,0,0,0,0,0,0,42,0,10.53,-100.0,21.113428571428567,36.74,0.68,54
727428,Quebec,Montreal,male,Bachelor,Rural,89410.0,Divorced,Star,2021-01-04,2021-09-04,2946.0,Standard,3,1,77,144524,1876.94,0.31,0.0,0,0,8,5,2,12,18,13,8,11,0,0,0,0,77,0.0,0.0,21.437301587301587,38.26,0.0,8
339800,Alberta,Banff,male,Bachelor,Rural,89270.0,Single,Star,2019-10-24,2020-06-24,2946.15,Standard,3,1,59,116510,1974.75,0.19,0.0,28,6,17,0,8,28,0,0,0,0,0,0,0,31,0,10.71,-100.0,14.3640873015873,49.93,0.0,8
999731,British Columbia,Whistler,female,Bachelor,Urban,69600.0,Married,Star,2016-09-11,2020-12-30,2951.29,Standard,3,1,108,195054,1806.06,0.28,0.03,51,21,13,0,4,4,8,19,17,0,19,4,0,57,0,11.76,-100.0,15.462500000000004,27.33,0.49,52
501854,Ontario,Trenton,male,College,Rural,0.0,Single,Star,2017-05-15,2021-10-21,2960.03,Standard,2,1,133,391890,2946.54,0.38,0.1,48,1,27,8,14,25,13,6,7,11,0,6,15,53,32,10.42,-39.62,15.222373015873018,22.26,0.08,53
506400,New Brunswick,Moncton,male,Bachelor,Suburban,55911.0,Married,Star,2021-04-09,2021-12-09,2994.35,2021 Promotion,3,1,60,108655,1810.92,0.03,0.0,0,0,0,0,0,6,2,12,9,6,12,0,13,0,60,0.0,0.0,14.685714285714285,49.91,0.0,8
515605,Quebec,Tremblant,male,Doctor,Rural,28383.0,Single,Star,2016-04-29,2021-01-31,3023.89,Standard,5,1,167,359263,2151.28,0.02,0.0,79,17,2,11,21,0,27,0,34,28,15,0,11,88,0,11.39,-100.0,33.87111111111111,18.11,0.0,57
653400,Alberta,Edmonton,female,Bachelor,Suburban,21235.0,Married,Star,2019-05-13,2021-08-21,3102.79,Standard,3,1,210,367651,1750.72,0.31,0.05,81,23,28,33,23,13,33,26,15,4,11,0,0,90,39,11.11,-56.67,25.44685714285714,14.78,0.16,27
647005,Quebec,Montreal,female,College,Rural,0.0,Married,Star,2020-07-04,2021-03-04,3123.08,Standard,2,1,48,157889,3289.35,0.12,0.0,22,0,0,2,0,0,0,0,8,25,2,2,10,24,2,9.09,-91.67,9.27949206349206,65.06,0.0,8
775562,Ontario,Toronto,male,Bachelor,Rural,52367.0,Married,Star,2018-03-19,2020-04-13,3208.23,Standard,3,1,21,81339,3873.29,0.19,0.0,10,0,0,10,11,0,0,0,0,0,0,0,0,11,0,10.0,-100.0,2.8078968253968246,152.77,0.0,25
253282,British Columbia,Vancouver,female,Bachelor,Rural,63583.0,Married,Star,2017-02-07,2021-01-17,3314.55,Standard,3,1,188,224995,1196.78,0.21,0.0,86,27,0,21,23,13,32,32,0,23,11,6,0,96,6,11.63,-93.75,35.018857142857144,17.63,0.0,47
504638,Alberta,Banff,female,College,Suburban,0.0,Married,Star,2018-02-03,2021-10-21,3343.88,Standard,2,1,154,422855,2745.81,0.21,0.02,50,13,15,16,15,0,34,22,19,0,16,4,0,55,49,10.0,-10.91,21.73551587301587,21.71,0.35,45
518578,British Columbia,Vancouver,female,Bachelor,Rural,30335.0,Married,Star,2018-12-26,2020-06-20,3412.57,Standard,3,1,53,103592,1954.57,0.25,0.0,25,11,13,21,0,0,8,0,0,0,0,0,0,28,0,12.0,-100.0,9.234349206349204,64.39,0.0,18
694168,British Columbia,Whistler,female,Bachelor,Suburban,34307.0,Divorced,Star,2020-02-04,2020-10-04,3484.14,Standard,3,1,80,101397,1267.46,0.12,0.0,38,0,0,0,15,0,0,4,15,21,25,0,0,42,0,10.53,-100.0,16.769428571428566,43.55,0.0,8
108367,Ontario,Toronto,female,Bachelor,Urban,31278.0,Married,Star,2020-05-19,2021-01-19,3528.04,Standard,3,1,87,239627,2754.33,0.15,0.0,40,3,0,0,0,0,11,6,25,0,4,25,13,44,3,10.0,-93.18,16.852539682539685,40.55,0.0,8
855451,British Columbia,Whistler,female,Bachelor,Suburban,58557.0,Married,Star,2020-04-11,2021-07-15,3554.85,Standard,3,1,80,277180,3464.75,0.21,0.09,27,0,0,6,10,16,0,4,6,11,13,11,2,30,23,11.11,-23.33,8.829206349206348,44.44,0.14,15
776153,Quebec,Tremblant,male,Bachelor,Urban,39075.0,Married,Star,2020-09-15,2021-05-15,3557.2,Standard,3,1,50,71696,1433.92,0.06,0.0,14,2,8,0,11,0,0,0,0,0,11,15,2,15,21,7.14,40.0,8.6785,71.14,0.0,8
826271,New Brunswick,Fredericton,female,College,Rural,0.0,Married,Star,2020-10-11,2021-06-11,3567.5,Standard,2,1,49,145315,2965.61,0.24,0.04,15,3,4,3,3,4,0,0,0,0,0,13,19,17,17,13.33,0.0,7.46218253968254,72.81,0.56,8
909066,Quebec,Tremblant,female,Doctor,Suburban,16049.0,Married,Star,2019-06-07,2020-02-07,3587.36,Standard,5,1,36,49168,1365.78,0.06,0.08,17,23,13,0,0,0,0,0,0,0,0,0,0,19,0,11.76,-100.0,8.946563492063492,99.65,0.89,8
727686,Ontario,Thunder Bay,female,Master,Suburban,25147.0,Single,Star,2018-02-04,2020-07-30,3600.93,Standard,4,1,68,164065,2412.72,0.31,0.03,32,6,0,13,13,17,19,0,0,0,0,0,0,36,0,12.5,-100.0,11.180571428571426,52.95,0.64,30
658407,Manitoba,Winnipeg,male,College,Rural,0.0,Single,Star,2019-01-24,2021-02-10,3614.08,Standard,2,1,180,362781,2015.45,0.12,0.05,81,13,11,15,17,0,30,15,32,19,4,19,4,90,9,11.11,-90.0,28.93485714285714,20.08,0.2,25
982528,Quebec,Montreal,male,College,Suburban,0.0,Single,Star,2020-09-11,2021-05-11,3614.08,Standard,2,1,37,107049,2893.22,0.51,0.0,10,8,1,0,0,7,0,0,0,0,11,10,0,11,16,10.0,45.45,5.331071428571429,97.68,0.0,8
462366,Ontario,Toronto,female,Bachelor,Rural,37843.0,Divorced,Star,2018-01-08,2020-07-07,3624.9,Standard,3,1,118,217742,1845.27,0.21,0.04,56,17,13,15,11,25,6,30,0,0,0,0,0,62,0,10.71,-100.0,23.324920634920637,30.72,0.46,30
594606,Ontario,Trenton,female,Bachelor,Urban,82477.0,Married,Star,2019-06-02,2020-02-02,3644.83,Standard,3,1,15,62166,4144.4,0.73,0.0,7,2,13,0,0,0,0,0,0,0,0,0,0,8,0,14.29,-100.0,2.4023492063492062,242.99,0.0,8
623654,British Columbia,Vancouver,female,Bachelor,Urban,41185.0,Married,Star,2020-07-29,2021-06-07,3673.99,Standard,3,1,71,92454,1302.17,0.32,0.22,22,0,3,3,3,11,5,0,17,0,27,2,0,24,25,9.09,4.17,15.363587301587296,51.75,0.18,10
979330,British Columbia,Whistler,female,Bachelor,Urban,31349.0,Married,Star,2019-10-28,2020-06-28,3677.91,Standard,3,1,68,146849,2159.54,0.25,0.0,32,0,0,19,17,0,32,0,0,0,0,0,0,36,0,12.5,-100.0,20.59257142857142,54.09,0.0,8
136772,Quebec,Montreal,female,College,Urban,0.0,Single,Star,2016-03-29,2021-02-03,3697.04,Standard,2,1,60,154968,2582.8,0.67,0.07,23,0,11,0,0,0,0,23,17,0,0,0,10,26,11,13.04,-57.69,13.49034920634921,61.62,0.35,58
942685,British Columbia,Dawson Creek,female,Master,Urban,17557.0,Married,Star,2019-07-06,2020-03-06,3700.39,Standard,4,1,42,35262,839.57,0.14,0.26,20,0,21,21,0,0,0,0,0,0,0,0,0,22,0,10.0,-100.0,11.128158730158729,88.1,0.4,8
154726,Ontario,Toronto,male,Bachelor,Suburban,73205.0,Married,Star,2016-12-22,2020-08-29,3712.43,Standard,3,1,44,166128,3775.64,0.39,0.0,21,0,2,21,0,0,17,4,0,0,0,0,0,23,0,9.52,-100.0,9.18923015873016,84.37,0.0,44
720300,British Columbia,Victoria,female,Bachelor,Urban,82189.0,Divorced,Star,2018-08-29,2021-05-19,3748.99,Standard,3,1,165,386994,2345.42,0.34,0.02,69,1,1,5,17,24,34,32,0,0,4,25,23,77,19,11.59,-75.32,37.21164285714285,22.72,0.4,33
934529,Quebec,Montreal,male,Master,Suburban,19794.0,Married,Star,2019-08-22,2020-11-06,3794.96,Standard,4,1,80,313593,3919.91,0.4,0.04,38,8,8,25,11,0,0,17,10,0,2,0,0,42,0,10.53,-100.0,12.735714285714286,47.44,0.31,15
405768,Nova Scotia,Halifax,female,Bachelor,Rural,82414.0,Divorced,Star,2020-03-30,2020-11-30,3816.41,Standard,3,1,125,265006,2120.05,0.34,0.0,59,0,0,0,11,30,19,27,0,15,6,17,0,66,0,11.86,-100.0,25.891714285714286,30.53,0.0,8
951879,Ontario,Toronto,female,Bachelor,Urban,97729.0,Married,Star,2021-04-12,2021-12-12,3832.9,2021 Promotion,3,1,60,166599,2776.65,0.23,0.03,0,0,0,0,0,0,20,2,0,13,5,13,7,0,60,0.0,0.0,20.457142857142856,63.88,0.78,8
865654,Quebec,Montreal,female,College,Urban,0.0,Single,Star,2019-05-19,2020-07-03,3853.47,Standard,2,1,129,311638,2415.8,0.29,0.02,61,23,19,21,8,21,30,8,0,0,0,0,0,68,0,11.48,-100.0,26.77873015873015,29.87,0.58,14
647658,British Columbia,Vancouver,female,Bachelor,Urban,93272.0,Married,Star,2021-02-25,2021-10-25,3861.49,2021 Promotion,3,1,35,81813,2337.51,0.03,0.04,0,0,0,1,0,5,18,0,9,2,0,0,0,0,35,0.0,0.0,11.456349206349206,110.33,1.16,8
402390,Quebec,Montreal,female,Master,Suburban,28142.0,Married,Star,2021-02-04,2021-04-17,3873.65,2021 Promotion,4,1,8,5958,744.75,0.0,0.0,0,0,0,8,0,0,0,0,0,0,0,0,0,0,8,0.0,0.0,1.7777777777777777,484.21,0.0,2
674738,Alberta,Banff,male,College,Suburban,0.0,Married,Star,2019-04-29,2020-12-12,3885.46,Standard,2,1,135,254323,1883.87,0.17,0.05,64,21,0,0,2,19,27,19,0,0,6,10,32,71,0,10.94,-100.0,29.048849206349207,28.78,0.32,19
953210,British Columbia,West Vancouver,female,Bachelor,Urban,25927.0,Single,Star,2020-11-06,2021-07-06,3933.81,Standard,3,1,45,98177,2181.71,0.2,0.07,0,3,1,13,8,11,9,0,0,0,0,0,0,0,45,0.0,0.0,11.107142857142856,87.42,0.6,8
875485,Ontario,Kingston,female,Bachelor,Rural,49544.0,Single,Star,2020-06-21,2021-02-21,3969.43,Standard,3,1,93,107931,1160.55,0.34,0.08,42,0,4,0,0,0,0,0,28,17,15,0,28,47,4,11.9,-91.49,24.3185,42.68,0.45,8
144936,Alberta,Edmonton,female,Bachelor,Rural,69379.0,Single,Star,2018-09-15,2021-01-22,4118.59,Standard,3,1,106,247380,2333.77,0.36,0.02,48,26,2,0,11,19,4,0,19,0,0,25,0,53,5,10.42,-90.57,19.307515873015877,38.85,0.71,28
793742,British Columbia,Vancouver,female,Bachelor,Rural,34080.0,Married,Star,2020-07-03,2021-03-03,4126.61,Standard,3,1,43,37611,874.67,0.53,0.0,20,0,1,0,0,0,0,0,15,10,0,17,0,22,1,10.0,-95.45,7.366158730158731,95.97,0.0,8
316323,British Columbia,Vancouver,male,College,Urban,0.0,Single,Star,2020-08-14,2021-04-14,4151.67,Standard,2,1,70,180832,2583.31,0.04,0.0,22,3,0,13,7,0,0,0,0,4,0,15,28,25,23,13.64,-8.0,17.69335714285715,59.31,0.0,8
575015,New Brunswick,Fredericton,male,College,Suburban,0.0,Single,Star,2019-11-23,2020-07-23,4162.18,Standard,2,1,55,131984,2399.71,0.15,0.03,26,0,23,15,0,0,4,13,0,0,0,0,0,29,0,11.54,-100.0,11.087896825396827,75.68,1.0,8
447804,Alberta,Edmonton,female,College,Urban,0.0,Married,Star,2018-01-20,2021-02-14,4177.7,Standard,2,1,158,304610,1927.91,0.25,0.07,69,19,12,0,10,6,28,0,11,2,25,19,27,77,12,11.59,-84.42,24.52313492063492,26.44,0.2,37
481902,Newfoundland,St. John's,male,College,Suburban,0.0,Single,Star,2019-11-07,2020-07-07,4191.06,Standard,2,1,82,137296,1674.34,0.28,0.0,39,0,8,17,0,19,25,13,0,0,0,0,0,43,0,10.26,-100.0,16.16389682539682,51.11,0.0,8
602068,Ontario,Toronto,male,Doctor,Rural,14170.0,Married,Star,2019-09-22,2021-03-05,4223.27,Standard,5,1,142,279871,1970.92,0.17,0.03,65,13,7,30,8,0,0,0,25,19,0,10,30,72,5,10.77,-93.06,28.991015873015876,29.74,0.52,17
939289,Quebec,Tremblant,male,Bachelor,Urban,59038.0,Married,Star,2019-07-11,2020-03-11,4236.47,Standard,3,1,23,44728,1944.7,0.17,0.12,11,10,13,0,0,0,0,0,0,0,0,0,0,12,0,9.09,-100.0,3.4142857142857146,184.19,0.81,8
761150,New Brunswick,Moncton,male,College,Rural,0.0,Single,Star,2020-06-25,2021-02-25,4250.28,Standard,2,1,79,159002,2012.68,0.18,0.08,32,3,8,0,0,0,0,25,0,0,21,23,0,36,11,12.5,-69.44,19.526253968253975,53.8,0.33,8
753977,Ontario,Trenton,male,College,Urban,0.0,Married,Star,2019-11-07,2020-07-07,4270.03,Standard,2,1,99,227542,2298.4,0.34,0.03,47,13,13,13,8,25,23,4,0,0,0,0,0,52,0,10.64,-100.0,17.075682539682543,43.13,0.68,8
748831,Ontario,Toronto,female,Bachelor,Rural,23712.0,Married,Star,2019-12-05,2020-08-05,4281.06,Standard,3,1,68,109117,1604.66,0.12,0.08,32,0,0,21,0,0,2,25,21,0,0,0,0,36,0,12.5,-100.0,17.59314285714286,62.96,0.5,8
196798,British Columbia,Dawson Creek,male,Bachelor,Suburban,73345.0,Married,Star,2016-12-07,2021-08-07,4307.42,Standard,3,1,245,393304,1605.32,0.23,0.03,84,0,21,39,0,24,46,45,17,28,0,0,25,93,68,10.71,-26.88,43.97627777777778,17.58,0.43,56
135878,British Columbia,Whistler,male,Bachelor,Rural,60475.0,Married,Star,2018-04-04,2021-05-19,4330.39,Standard,3,1,131,181000,1381.68,0.2,0.05,48,0,13,32,3,40,21,0,0,0,21,0,0,53,30,10.42,-43.4,28.115896825396824,33.06,0.49,37
843672,Ontario,Sudbury,female,Bachelor,Rural,30574.0,Single,Star,2021-05-08,2021-11-29,4335.68,Standard,3,1,26,105847,4071.04,0.58,0.03,0,0,0,0,0,0,12,0,0,6,5,3,0,0,26,0.0,0.0,5.577777777777778,166.76,1.51,7
419237,Ontario,Toronto,male,Bachelor,Urban,91761.0,Married,Star,2020-03-21,2020-11-21,4339.87,Standard,3,1,110,190998,1736.35,0.0,0.0,52,0,0,0,0,23,0,34,25,0,11,17,0,58,0,11.54,-100.0,29.354444444444432,39.45,0.0,8
700731,Quebec,Montreal,male,Bachelor,Suburban,38925.0,Divorced,Star,2020-04-05,2020-12-05,4363.6,Standard,3,1,112,242358,2163.91,0.29,0.0,53,0,0,0,0,11,15,40,11,0,0,19,15,59,0,11.32,-100.0,28.34694444444445,38.96,0.0,8
327903,Ontario,Toronto,female,Bachelor,Urban,63774.0,Divorced,Star,2021-01-04,2021-09-04,4376.36,Standard,3,1,38,53079,1396.82,0.34,0.06,0,0,6,0,0,0,8,14,0,10,0,0,0,0,38,0.0,0.0,10.168253968253971,115.17,1.29,8
210148,Ontario,Toronto,female,College,Rural,0.0,Single,Star,2019-08-09,2020-04-09,4383.75,Standard,2,1,32,22897,715.53,0.53,0.0,15,0,19,13,0,0,0,0,0,0,0,0,0,17,0,13.33,-100.0,6.877420634920633,136.99,0.0,8
987612,British Columbia,Vancouver,male,Bachelor,Rural,97949.0,Married,Star,2019-09-29,2021-12-11,4475.05,Standard,3,1,226,470451,2081.64,0.31,0.03,72,15,21,21,30,10,55,20,2,16,21,0,15,80,74,11.11,-7.5,37.22920634920635,19.8,0.36,26
617108,Quebec,Quebec City,male,College,Rural,0.0,Divorced,Star,2020-01-12,2020-09-12,4476.81,Standard,2,1,80,130813,1635.16,0.34,0.0,38,0,0,0,27,0,4,23,27,0,0,0,0,42,0,10.53,-100.0,22.87171428571428,55.96,0.0,8
455234,Ontario,Trenton,female,College,Rural,0.0,Single,Star,2020-07-07,2021-03-07,4502.67,Standard,2,1,53,124530,2349.62,0.36,0.0,23,2,0,2,0,0,0,0,0,10,17,0,23,26,4,13.04,-84.62,10.893999999999998,84.96,0.0,8
593007,Quebec,Montreal,female,College,Rural,0.0,Single,Star,2016-08-30,2021-09-17,4518.02,Standard,2,1,173,345661,1998.04,0.38,0.04,68,23,25,6,17,0,5,36,13,23,6,15,4,76,29,11.76,-61.84,19.402571428571434,26.12,0.33,61
112661,Ontario,London,male,Bachelor,Rural,74935.0,Married,Star,2016-08-05,2020-05-28,4523.75,Standard,3,1,65,122685,1887.46,0.43,0.08,31,25,0,19,8,13,0,0,0,0,0,0,0,34,0,9.68,-100.0,13.960539682539684,69.6,0.48,46
229692,Ontario,London,female,College,Urban,0.0,Single,Star,2020-12-12,2021-08-12,4574.0,Standard,2,1,73,97899,1341.08,0.19,0.0,0,7,4,3,1,15,18,10,15,0,0,0,0,0,73,0.0,0.0,22.88492063492063,62.66,0.0,8
149430,British Columbia,Vancouver,female,Master,Urban,28215.0,Single,Star,2021-01-15,2021-09-15,4650.06,Standard,4,1,52,87826,1688.96,0.21,0.17,0,0,0,1,9,10,17,15,0,0,0,0,0,0,52,0.0,0.0,17.739682539682537,89.42,0.31,8
954424,Ontario,Kingston,female,College,Rural,0.0,Single,Star,2019-01-16,2021-08-27,4698.76,Standard,2,1,156,462252,2963.15,0.42,0.03,56,16,20,10,7,18,0,39,13,10,23,2,0,62,38,10.71,-38.71,19.044349206349207,30.12,0.29,31
258799,Ontario,Kingston,male,College,Rural,0.0,Married,Star,2021-03-09,2021-11-09,4699.03,2021 Promotion,2,1,59,98995,1677.88,0.25,0.06,0,0,0,0,2,12,0,19,15,7,0,4,0,0,59,0.0,0.0,20.065873015873024,79.64,0.79,8
597630,Quebec,Montreal,male,College,Suburban,0.0,Married,Star,2018-12-02,2020-04-05,4715.29,Standard,2,1,44,92142,2094.14,0.18,0.0,21,15,0,28,0,0,0,0,0,0,0,0,0,23,0,9.52,-100.0,13.42980158730159,107.17,0.0,16
601583,Alberta,Calgary,male,Doctor,Suburban,15680.0,Divorced,Star,2019-10-13,2021-04-30,4718.56,Standard,5,1,158,260104,1646.23,0.12,0.0,68,2,13,11,9,21,32,15,0,28,0,19,8,75,16,10.29,-78.67,28.715706349206357,29.86,0.0,19
352581,British Columbia,Vancouver,male,Bachelor,Suburban,26277.0,Single,Star,2020-01-04,2020-09-04,4720.61,Standard,3,1,70,130289,1861.27,0.24,0.11,33,0,0,0,8,0,25,30,0,8,0,0,0,37,0,12.12,-100.0,19.711134920634922,67.44,0.34,8
833627,Ontario,Toronto,female,Bachelor,Urban,30686.0,Single,Star,2020-10-04,2021-06-04,4731.37,Standard,3,1,59,178282,3021.73,0.17,0.0,10,10,11,0,11,3,3,0,0,0,0,6,15,11,38,10.0,245.45,11.30751587301587,80.19,0.0,8
794348,British Columbia,Vancouver,male,College,Suburban,0.0,Single,Star,2020-01-19,2020-09-19,4755.48,Standard,2,1,93,169383,1821.32,0.11,0.0,44,0,11,0,2,21,15,0,21,23,0,0,0,49,0,11.36,-100.0,18.305801587301584,51.13,0.0,8
790287,Ontario,Sudbury,female,Bachelor,Urban,76194.0,Single,Star,2020-10-28,2021-06-28,4770.98,Standard,3,1,64,108844,1700.69,0.2,0.05,14,6,11,11,0,0,8,0,0,0,0,11,17,15,36,7.14,140.0,12.520214285714289,74.55,0.89,8
644417,British Columbia,Victoria,female,College,Suburban,0.0,Divorced,Star,2020-03-23,2020-11-23,4778.68,Standard,2,1,139,213908,1538.91,0.18,0.08,66,0,0,0,21,30,0,19,34,15,17,2,0,73,0,10.61,-100.0,33.705420634920635,34.38,0.29,8
874589,British Columbia,Vancouver,female,High School or Below,Suburban,20647.0,Divorced,Star,2020-05-10,2021-01-10,4792.83,Standard,1,1,101,191742,1898.44,0.04,0.0,47,2,0,0,0,0,4,6,25,15,11,13,25,52,2,10.64,-96.15,17.907428571428568,47.45,0.0,8
377302,Quebec,Quebec City,male,Doctor,Urban,23634.0,Married,Star,2020-03-25,2020-11-25,4803.78,Standard,5,1,104,196508,1889.5,0.26,0.0,50,0,0,0,4,21,0,34,0,25,19,2,0,55,0,10.0,-100.0,28.515706349206354,46.19,0.0,8
260712,Nova Scotia,Halifax,female,Bachelor,Rural,39310.0,Married,Star,2020-08-27,2021-04-27,4836.89,Standard,3,1,58,149005,2569.05,0.38,0.05,8,9,8,15,9,0,0,0,0,15,0,0,2,9,41,12.5,355.56,13.568087301587305,83.39,0.63,8
833679,Ontario,Toronto,female,Doctor,Urban,10743.0,Married,Star,2020-04-19,2021-11-20,4875.32,Standard,5,1,147,329730,2243.06,0.27,0.02,51,0,6,0,0,22,37,32,31,0,19,0,0,57,39,11.76,-31.58,30.891642857142852,33.17,0.92,19
299366,Quebec,Montreal,female,College,Suburban,0.0,Married,Star,2019-02-27,2020-11-15,4877.61,Standard,2,1,116,270930,2335.6,0.2,0.04,55,6,13,15,4,28,0,25,0,23,2,0,0,61,0,10.91,-100.0,23.729039682539685,42.05,0.49,21
608601,Quebec,Montreal,female,Bachelor,Rural,72859.0,Divorced,Star,2016-08-11,2021-11-04,4901.89,Standard,3,1,137,301881,2203.51,0.23,0.07,50,9,0,13,7,21,36,10,0,19,3,5,15,56,31,12.0,-44.64,27.557999999999993,35.78,0.23,63
997370,British Columbia,West Vancouver,male,Bachelor,Suburban,49185.0,Married,Star,2020-05-22,2021-01-22,4926.28,Standard,3,1,116,236368,2037.66,0.24,0.0,55,0,0,0,0,0,34,15,23,4,17,0,23,61,0,10.91,-100.0,28.69361111111111,42.47,0.0,8
335137,Ontario,Toronto,male,Bachelor,Urban,37260.0,Married,Star,2017-12-03,2021-08-29,4932.92,Standard,3,1,168,242843,1445.49,0.2,0.05,52,12,5,28,11,24,14,7,30,17,11,8,0,58,58,11.54,0.0,24.236920634920637,29.36,0.43,45
326240,Quebec,Montreal,female,Bachelor,Rural,36913.0,Married,Star,2017-11-12,2020-08-24,4938.89,Standard,3,1,76,86862,1142.92,0.22,0.1,36,8,17,10,0,0,30,0,11,0,0,0,0,40,0,11.11,-100.0,16.825587301587305,64.99,0.59,33
696026,Quebec,Montreal,female,High School or Below,Rural,22842.0,Married,Star,2019-08-13,2020-04-13,4958.02,Standard,1,1,53,98070,1850.38,0.32,0.07,25,8,11,21,13,0,0,0,0,0,0,0,0,28,0,12.0,-100.0,9.234349206349204,93.55,0.74,8
154136,British Columbia,Whistler,male,Bachelor,Suburban,33176.0,Married,Star,2019-09-11,2020-06-06,4981.83,Standard,3,1,106,82637,779.59,0.08,0.0,50,0,23,28,19,0,36,0,0,0,0,0,0,56,0,12.0,-100.0,33.93796825396824,47.0,0.0,9
121236,British Columbia,Vancouver,female,Bachelor,Rural,86305.0,Married,Star,2020-03-04,2020-11-13,4984.62,Standard,3,1,48,104815,2183.65,0.48,0.15,22,0,0,0,0,0,11,0,0,6,10,21,0,25,0,13.64,-100.0,8.086753968253968,103.85,0.31,8
619141,Quebec,Quebec City,male,Bachelor,Rural,51523.0,Married,Star,2019-12-01,2020-08-01,5007.67,Standard,3,1,129,112463,871.81,0.19,0.09,61,15,17,0,0,21,30,13,32,0,0,0,0,68,0,11.48,-100.0,31.22615873015873,38.82,0.47,8
752548,Newfoundland,St. John's,female,Bachelor,Suburban,79814.0,Married,Star,2020-05-11,2021-08-17,5017.85,Standard,3,1,112,258628,2309.18,0.21,0.02,40,3,8,2,4,1,6,27,38,0,0,21,2,44,28,10.0,-36.36,24.20457142857143,44.8,0.79,15
667517,Saskatchewan,Regina,female,College,Rural,0.0,Married,Star,2021-02-05,2021-10-05,5028.74,2021 Promotion,2,1,43,147960,3440.93,0.49,0.0,0,0,0,3,11,0,5,19,2,0,3,0,0,0,43,0.0,0.0,13.646825396825397,116.95,0.0,8
114924,Ontario,Ottawa,female,College,Rural,0.0,Married,Star,2020-11-25,2021-07-25,5037.95,Standard,2,1,56,122579,2188.91,0.32,0.0,14,6,7,0,3,7,3,0,0,0,0,0,30,16,26,14.29,62.5,15.05714285714286,89.96,0.0,8
821944,Ontario,Toronto,male,Bachelor,Urban,72919.0,Married,Star,2019-12-20,2020-08-20,5038.98,Standard,3,1,76,134841,1774.22,0.58,0.0,36,2,8,11,4,0,27,25,0,0,0,0,0,40,0,11.11,-100.0,17.23930158730159,66.3,0.0,8
238939,British Columbia,Vancouver,female,Bachelor,Urban,67371.0,Married,Star,2017-11-20,2020-09-25,5059.33,Standard,3,1,57,187942,3297.23,0.11,0.0,27,6,6,0,11,0,11,0,23,0,0,0,0,30,0,11.11,-100.0,9.52257142857143,88.76,0.0,34
105251,Ontario,Trenton,female,Bachelor,Rural,66933.0,Married,Star,2017-10-27,2020-08-20,5074.25,Standard,3,1,66,141529,2144.38,0.23,0.0,31,17,10,0,4,2,34,0,0,0,0,0,0,35,0,12.9,-100.0,18.985992063492066,76.88,0.0,34
847502,Prince Edward Island,Charlottetown,male,Bachelor,Suburban,20244.0,Married,Star,2020-05-23,2021-01-23,5091.1,Standard,3,1,88,163376,1856.55,0.05,0.04,40,4,0,0,0,0,23,28,0,13,0,15,4,44,4,10.0,-90.91,19.499999999999996,57.85,0.74,8
512580,Ontario,Toronto,male,High School or Below,Urban,21665.0,Divorced,Star,2020-06-06,2021-02-06,5097.53,Standard,1,1,101,203746,2017.29,0.13,0.0,42,6,6,0,0,0,0,28,23,10,19,0,10,47,12,11.9,-74.47,20.752658730158736,50.47,0.0,8
481987,Quebec,Montreal,male,Bachelor,Suburban,77025.0,Single,Star,2020-02-26,2020-10-26,5104.35,Standard,3,1,53,50783,958.17,0.0,0.0,25,0,0,0,0,30,0,0,23,0,0,0,0,28,0,12.0,-100.0,18.439492063492057,96.31,0.0,8
623154,British Columbia,Victoria,female,Bachelor,Suburban,58206.0,Married,Star,2019-08-18,2020-04-18,5122.72,Standard,3,1,66,63922,968.52,0.2,0.0,32,0,23,21,23,0,0,0,0,0,0,0,0,35,0,9.38,-100.0,17.64142063492064,77.62,0.0,8
109956,Ontario,Toronto,female,Bachelor,Rural,78460.0,Married,Star,2020-05-13,2021-01-13,5137.85,Standard,3,1,96,293030,3052.4,0.06,0.0,40,10,0,0,0,0,0,11,25,8,10,2,30,45,10,12.5,-77.78,21.631134920634928,53.52,0.0,8
737221,British Columbia,Dawson Creek,female,College,Urban,0.0,Single,Star,2020-01-29,2020-09-29,5156.07,Standard,2,1,101,147193,1457.36,0.19,0.0,48,0,15,28,0,11,0,27,0,19,0,0,0,53,0,10.42,-100.0,24.066563492063487,51.05,0.0,8
122517,British Columbia,West Vancouver,female,Bachelor,Urban,80797.0,Married,Star,2019-07-12,2020-03-12,5166.19,Standard,3,1,23,18762,815.74,0.0,0.0,11,0,0,23,0,0,0,0,0,0,0,0,0,12,0,9.09,-100.0,7.034285714285716,224.62,0.0,8
989527,British Columbia,Vancouver,female,Bachelor,Urban,97131.0,Married,Star,2021-02-03,2021-10-03,5181.62,2021 Promotion,3,1,39,74322,1905.69,0.13,0.15,0,0,0,2,0,10,10,0,0,13,4,0,0,0,39,0.0,0.0,9.907142857142857,132.86,0.47,8
620792,British Columbia,Vancouver,male,Bachelor,Suburban,23401.0,Single,Star,2020-02-15,2020-06-16,5200.23,Standard,3,1,74,92254,1246.68,0.2,0.0,35,0,0,21,19,15,19,0,0,0,0,0,0,39,0,11.43,-100.0,15.552214285714289,70.27,0.0,4
679531,Manitoba,Winnipeg,female,Bachelor,Rural,94392.0,Married,Star,2018-08-02,2020-07-23,5206.11,Standard,3,1,55,140790,2559.82,0.11,0.05,26,2,8,0,4,2,0,40,0,0,0,0,0,29,0,11.54,-100.0,21.534182539682536,94.66,0.76,24
369715,Manitoba,Winnipeg,male,Bachelor,Suburban,85721.0,Married,Star,2021-01-08,2021-10-05,5218.34,Standard,3,1,60,119631,1993.85,0.37,0.02,0,0,4,0,0,0,17,18,5,5,11,0,0,0,60,0.0,0.0,20.000000000000004,86.97,1.89,9
217967,Ontario,Toronto,male,College,Suburban,0.0,Single,Star,2019-12-08,2020-08-08,5227.77,Standard,2,1,78,140613,1802.73,0.29,0.0,37,10,19,0,0,15,0,34,0,0,0,0,0,41,0,10.81,-100.0,21.713230158730155,67.02,0.0,8
161650,Ontario,Toronto,female,Bachelor,Urban,66957.0,Married,Star,2020-01-01,2020-09-01,5234.33,Standard,3,1,80,218373,2729.66,0.35,0.04,38,8,6,21,6,10,0,28,0,2,0,0,0,42,0,10.53,-100.0,15.942,65.43,0.55,8
240135,Ontario,Ottawa,female,Bachelor,Rural,28909.0,Married,Star,2020-12-10,2021-08-10,5246.28,Standard,3,1,76,83541,1099.22,0.25,0.06,0,6,0,12,13,16,11,18,0,0,0,0,0,0,76,0.0,0.0,25.415873015873018,69.03,1.13,8
128754,New Brunswick,Fredericton,male,Bachelor,Rural,45856.0,Divorced,Star,2017-02-08,2020-07-07,5316.64,Standard,3,1,87,116920,1343.91,0.39,0.0,41,17,10,0,6,30,19,6,0,0,0,0,0,46,0,12.2,-100.0,18.760349206349204,61.11,0.0,41
624569,Quebec,Montreal,female,Bachelor,Rural,32116.0,Married,Star,2021-02-05,2021-10-05,5320.61,2021 Promotion,3,1,59,116079,1967.44,0.36,0.0,0,0,0,0,11,14,4,0,14,3,13,0,0,0,59,0.0,0.0,17.437301587301587,90.18,0.0,8
203143,Ontario,Toronto,female,Bachelor,Urban,55289.0,Single,Star,2016-07-26,2020-09-09,5323.27,Standard,3,1,89,229303,2576.44,0.3,0.06,42,0,0,6,10,25,4,32,2,11,0,0,0,47,0,11.9,-100.0,21.234753968253973,59.81,0.4,49
517614,Ontario,Toronto,female,Bachelor,Rural,68931.0,Married,Star,2020-10-10,2021-06-10,5332.46,Standard,3,1,39,86201,2210.28,0.08,0.0,8,0,3,1,7,0,11,0,0,0,0,17,0,9,22,12.5,144.44,8.118373015873017,136.73,0.0,8
118511,Saskatchewan,Regina,male,Bachelor,Rural,89158.0,Single,Star,2017-04-01,2020-02-04,5350.0,Standard,3,1,25,33486,1339.44,0.08,0.0,12,6,19,0,0,0,0,0,0,0,0,0,0,13,0,8.33,-100.0,5.152658730158729,214.0,0.0,34
792412,British Columbia,Vancouver,male,Doctor,Urban,13103.0,Married,Star,2019-08-04,2020-04-04,5384.67,Standard,5,1,55,107772,1959.49,0.18,0.0,26,21,19,6,10,0,0,0,0,0,0,0,0,29,0,11.54,-100.0,10.777611111111112,97.9,0.0,8
582427,Quebec,Hull,male,Bachelor,Suburban,55992.0,Married,Star,2019-12-20,2021-11-02,5412.46,Standard,3,1,234,455192,1945.26,0.23,0.0,85,32,19,13,4,23,39,38,10,6,11,7,32,94,55,10.59,-41.49,38.77015873015872,23.13,0.0,22
716236,Quebec,Montreal,male,Bachelor,Suburban,85447.0,Single,Star,2020-02-08,2020-10-08,5421.54,Standard,3,1,89,87594,984.2,0.19,0.0,42,0,0,21,0,0,23,0,34,11,0,0,0,47,0,11.9,-100.0,25.992468253968255,60.92,0.0,8
311952,British Columbia,Vancouver,female,Bachelor,Suburban,43091.0,Married,Star,2020-10-05,2021-06-05,5450.39,Standard,3,1,66,92035,1394.47,0.15,0.03,18,3,9,11,5,0,0,0,0,0,0,6,32,20,28,11.11,40.0,18.696571428571424,82.58,1.99,8
991210,Ontario,Toronto,male,Bachelor,Rural,50943.0,Divorced,Star,2020-03-29,2020-11-29,5489.21,Standard,3,1,59,128239,2173.54,0.03,0.08,28,0,0,0,0,0,2,0,28,28,0,0,0,31,0,10.71,-100.0,20.569801587301583,93.04,0.55,8
162485,Manitoba,Winnipeg,male,College,Urban,0.0,Single,Star,2018-11-25,2021-01-04,5553.76,Standard,2,1,106,173498,1636.77,0.14,0.0,50,11,13,21,0,4,32,11,0,0,11,2,0,56,0,12.0,-100.0,20.595682539682542,52.39,0.0,25
700924,Quebec,Montreal,male,Bachelor,Rural,41853.0,Single,Star,2020-07-28,2021-11-12,5555.56,Standard,3,1,81,201772,2491.01,0.49,0.07,19,0,8,0,9,3,12,0,6,4,12,1,27,21,41,10.53,95.24,16.19227777777778,68.59,0.4,16
661069,British Columbia,Vancouver,male,Bachelor,Urban,77265.0,Married,Star,2016-09-12,2020-12-30,5577.24,Standard,3,1,104,161525,1553.12,0.44,0.0,50,0,19,17,13,28,0,11,0,15,0,0,0,55,0,10.0,-100.0,20.034563492063494,53.63,0.0,52
153645,Quebec,Montreal,female,College,Urban,0.0,Married,Star,2019-05-14,2020-01-14,5619.69,Standard,2,1,6,39220,6536.67,0.0,0.0,3,6,0,0,0,0,0,0,0,0,0,0,0,3,0,0.0,-100.0,0.4396428571428572,936.61,0.0,8
779211,Ontario,Toronto,female,Bachelor,Rural,37595.0,Married,Star,2018-02-27,2020-09-14,5633.95,Standard,3,1,116,216024,1862.28,0.28,0.08,55,8,6,30,6,13,4,8,27,15,0,0,0,61,0,10.91,-100.0,21.350182539682546,48.57,0.31,31
766562,Saskatchewan,Regina,female,Bachelor,Urban,59325.0,Married,Star,2020-11-05,2021-07-05,5635.29,Standard,3,1,53,180852,3412.3,0.57,0.08,4,8,3,4,9,0,11,10,0,0,0,0,8,4,45,0.0,1025.0,9.803015873015871,106.33,0.4,8
210442,Newfoundland,St. John's,female,Bachelor,Suburban,66156.0,Married,Star,2021-03-07,2021-11-07,5762.47,2021 Promotion,3,1,37,110627,2989.92,0.35,0.0,0,0,0,0,7,0,0,13,2,7,5,3,0,0,37,0.0,0.0,7.62777777777778,155.74,0.0,8
128245,Ontario,Toronto,female,Bachelor,Rural,24860.0,Married,Star,2019-07-16,2020-03-16,5810.63,Standard,3,1,19,30045,1581.32,0.53,0.0,9,17,2,0,0,0,0,0,0,0,0,0,0,10,0,11.11,-100.0,3.95406349206349,305.82,0.0,8
839263,British Columbia,Vancouver,male,Bachelor,Rural,81082.0,Married,Star,2018-10-11,2021-12-23,5838.9,Standard,3,1,282,422062,1496.67,0.2,0.01,92,4,21,34,31,21,18,25,30,28,21,8,41,102,88,10.87,-13.73,26.206634920634922,20.71,1.07,38
204926,Ontario,Sudbury,male,Bachelor,Suburban,86498.0,Married,Star,2020-02-19,2020-10-19,5893.37,Standard,3,1,49,155251,3168.39,0.73,0.07,23,0,0,21,0,0,4,0,11,2,11,0,0,26,0,13.04,-100.0,8.302634920634922,120.27,0.57,8
683910,British Columbia,Victoria,female,Bachelor,Suburban,29227.0,Married,Star,2020-07-06,2021-08-14,5897.56,Standard,3,1,94,247467,2632.63,0.2,0.02,16,6,0,13,5,0,16,20,8,2,25,0,0,18,60,12.5,233.33,27.89057142857143,62.74,1.28,13
604471,British Columbia,Vancouver,male,Master,Rural,23091.0,Married,Star,2018-08-14,2020-06-02,5926.73,Standard,4,1,28,83355,2976.96,0.07,0.0,14,19,2,0,0,0,8,0,0,0,0,0,0,15,0,7.14,-100.0,5.40592857142857,211.67,0.0,22
582990,British Columbia,Vancouver,female,Bachelor,Urban,66839.0,Single,Star,2019-08-24,2020-04-24,5989.77,Standard,3,1,17,47939,2819.94,0.24,0.0,8,4,0,13,0,0,0,0,0,0,0,0,0,9,0,12.5,-100.0,2.5087857142857146,352.34,0.0,8
688748,Nova Scotia,Halifax,male,Doctor,Urban,26303.0,Divorced,Star,2020-09-07,2021-05-07,5999.38,Standard,5,1,39,65281,1673.87,0.41,0.05,14,1,1,0,0,7,0,0,0,0,0,21,10,16,9,14.29,-43.75,7.775396825396824,153.83,1.93,8
450987,Ontario,Trenton,male,Bachelor,Urban,26876.0,Single,Star,2019-12-02,2020-02-24,6005.21,Standard,3,1,30,32439,1081.3,0.63,0.0,14,10,21,0,0,0,0,0,0,0,0,0,0,16,0,14.29,-100.0,6.816825396825396,200.17,0.0,3
663975,Alberta,Edmonton,female,College,Rural,0.0,Single,Star,2017-09-24,2020-01-02,6019.96,Standard,2,1,4,2339,584.75,1.0,0.0,2,4,0,0,0,0,0,0,0,0,0,0,0,2,0,0.0,-100.0,0.1953968253968254,1504.99,0.0,27
900325,Quebec,Quebec City,male,Bachelor,Rural,82399.0,Single,Star,2020-08-03,2020-10-12,6045.63,Standard,3,1,15,55567,3704.47,0.0,0.0,7,0,0,0,0,0,0,0,0,15,0,0,0,8,0,14.29,-100.0,3.126349206349206,403.04,0.0,2
856609,British Columbia,Vancouver,female,Bachelor,Suburban,44712.0,Single,Star,2021-03-26,2021-11-26,6085.3,2021 Promotion,3,1,57,97485,1710.26,0.18,0.07,0,0,0,0,5,14,0,10,8,8,12,0,0,0,57,0.0,0.0,14.364285714285714,106.76,0.89,8
521699,Ontario,Toronto,female,Doctor,Suburban,23712.0,Single,Star,2019-12-27,2020-08-27,6183.11,Standard,5,1,141,233719,1657.58,0.19,0.06,67,19,15,23,0,27,32,0,25,0,0,0,0,74,0,10.45,-100.0,34.05996825396826,43.85,0.41,8
619596,British Columbia,Vancouver,male,Bachelor,Suburban,49419.0,Married,Star,2020-10-28,2021-06-28,6207.17,Standard,3,1,44,80511,1829.8,0.36,0.03,4,0,11,13,5,0,5,0,0,0,0,0,10,5,34,25.0,580.0,9.505357142857145,141.07,2.31,8
893866,British Columbia,Victoria,female,Master,Suburban,18577.0,Divorced,Star,2021-03-30,2021-12-19,6273.91,2021 Promotion,4,1,89,160808,1806.83,0.36,0.06,0,0,0,0,3,9,16,17,6,6,14,6,12,0,89,0.0,0.0,24.65634920634921,70.49,0.63,9
314065,Ontario,Kingston,female,Bachelor,Rural,52210.0,Married,Star,2019-03-12,2021-08-22,6285.15,Standard,3,1,189,393394,2081.45,0.23,0.04,61,3,9,15,17,34,5,43,42,0,13,0,8,68,60,11.48,-11.76,36.88368253968255,33.25,0.39,29
466477,New Brunswick,Fredericton,male,Bachelor,Suburban,42259.0,Married,Star,2019-11-03,2020-07-03,6347.5,Standard,3,1,49,85967,1754.43,0.0,0.0,23,11,6,8,0,25,0,0,0,0,0,0,0,26,0,13.04,-100.0,9.957492063492065,129.54,0.0,8
375056,Ontario,Trenton,male,High School or Below,Suburban,13088.0,Married,Star,2020-12-05,2021-08-05,6411.12,Standard,1,1,43,136165,3166.63,0.56,0.0,0,8,11,3,3,3,1,14,0,0,0,0,0,0,43,0.0,0.0,10.218253968253968,149.1,0.0,8
972671,British Columbia,Vancouver,male,High School or Below,Suburban,13476.0,Single,Star,2016-11-24,2020-03-12,6529.43,Standard,1,1,38,77744,2045.89,0.45,0.2,18,21,0,17,0,0,0,0,0,0,0,0,0,20,0,11.11,-100.0,9.300253968253969,171.83,0.42,40
526736,Newfoundland,St. John's,female,Bachelor,Suburban,44379.0,Married,Star,2019-07-18,2020-03-18,6529.91,Standard,3,1,34,50365,1481.32,0.0,0.0,16,15,0,19,0,0,0,0,0,0,0,0,0,18,0,12.5,-100.0,7.552857142857142,192.06,0.0,8
383399,Saskatchewan,Regina,female,Doctor,Suburban,21156.0,Divorced,Star,2017-11-22,2021-07-21,6540.2,Standard,5,1,79,288390,3650.51,0.44,0.0,23,3,24,21,9,0,0,6,0,0,8,8,2,26,30,13.04,15.38,13.148539682539681,82.79,0.0,44
232907,Nova Scotia,Halifax,male,College,Urban,0.0,Single,Star,2019-02-01,2020-07-25,6553.94,Standard,2,1,40,63956,1598.9,0.68,0.18,19,21,0,0,4,0,2,13,0,0,0,0,0,21,0,10.53,-100.0,7.786500000000003,163.85,0.58,18
814748,British Columbia,Vancouver,male,Bachelor,Rural,74424.0,Married,Star,2017-09-08,2021-09-29,6554.39,Standard,3,1,243,446132,1835.93,0.13,0.02,79,10,3,23,26,9,52,11,37,17,15,25,15,88,76,11.39,-13.64,30.562539682539676,26.97,0.69,49
222702,Ontario,Thunder Bay,female,College,Urban,0.0,Single,Star,2019-11-17,2020-10-05,6556.1,Standard,2,1,61,100105,1641.07,0.28,0.0,29,0,0,0,21,28,8,0,0,4,0,0,0,32,0,10.34,-100.0,15.993587301587302,107.48,0.0,11
427388,British Columbia,Vancouver,male,College,Urban,0.0,Married,Star,2020-03-11,2020-11-11,6677.42,Standard,2,1,87,145190,1668.85,0.2,0.0,41,0,0,0,0,0,0,27,30,23,0,8,0,46,0,12.2,-100.0,25.586634920634914,76.75,0.0,8
444661,British Columbia,Dawson Creek,female,High School or Below,Urban,18400.0,Married,Star,2018-09-10,2020-03-27,6701.77,Standard,1,1,49,26353,537.82,0.16,0.0,23,21,0,28,0,0,0,0,0,0,0,0,0,26,0,13.04,-100.0,15.956349206349206,136.77,0.0,19
951116,Ontario,Toronto,female,Bachelor,Urban,33288.0,Married,Star,2020-12-02,2021-08-02,6756.65,Standard,3,1,54,143863,2664.13,0.39,0.0,0,3,5,5,11,0,8,9,13,0,0,0,0,0,54,0.0,0.0,11.8,125.12,0.0,8
763618,Ontario,Toronto,female,College,Rural,0.0,Single,Star,2019-08-21,2020-04-21,6781.27,Standard,2,1,57,68820,1207.37,0.0,0.0,27,11,17,28,0,0,0,0,0,0,0,0,0,30,0,11.11,-100.0,15.107714285714279,118.97,0.0,8
888901,British Columbia,Vancouver,male,Bachelor,Rural,22492.0,Divorced,Star,2019-05-02,2020-01-02,6819.23,Standard,3,1,17,4140,243.53,0.0,0.0,8,17,0,0,0,0,0,0,0,0,0,0,0,9,0,12.5,-100.0,3.9567857142857137,401.13,0.0,8
400404,Alberta,Edmonton,female,College,Suburban,0.0,Divorced,Star,2019-02-24,2020-11-20,6846.15,Standard,2,1,154,165800,1076.62,0.29,0.11,73,8,0,27,17,17,17,13,34,0,0,21,0,81,0,10.96,-100.0,30.279071428571427,44.46,0.36,21
797675,British Columbia,Vancouver,male,Bachelor,Rural,30816.0,Married,Star,2018-04-22,2020-11-16,6861.75,Standard,3,1,165,241051,1460.92,0.28,0.11,78,15,19,19,21,13,21,0,0,28,25,4,0,87,0,11.54,-100.0,27.597928571428568,41.59,0.25,31
542089,Ontario,Toronto,male,College,Suburban,0.0,Single,Star,2019-09-24,2020-05-24,6947.84,Standard,2,1,28,26431,943.96,0.46,0.0,14,23,6,0,0,0,0,0,0,0,0,0,0,15,0,7.14,-100.0,7.267642857142856,248.14,0.0,8
677976,Quebec,Montreal,female,Bachelor,Suburban,25411.0,Married,Star,2020-08-05,2021-04-05,6965.42,Standard,3,1,43,109457,2545.51,0.12,0.0,9,10,3,0,11,0,0,0,0,4,11,4,0,10,24,11.11,140.0,7.379396825396827,161.99,0.0,8
691700,British Columbia,Dawson Creek,female,College,Suburban,0.0,Single,Star,2018-04-17,2021-08-03,7007.27,Standard,2,1,238,309308,1299.61,0.37,0.04,86,15,17,34,13,24,40,51,25,0,11,10,0,96,56,11.63,-41.67,34.60920634920635,29.44,0.52,40
186539,Quebec,Montreal,male,Master,Rural,26806.0,Married,Star,2017-12-06,2021-12-07,7019.18,Standard,4,1,167,365874,2190.86,0.28,0.04,46,14,20,30,12,20,11,4,21,21,14,0,0,51,70,10.87,37.25,27.05551587301588,42.03,0.45,48
780104,Ontario,Toronto,female,Bachelor,Urban,85412.0,Divorced,Star,2017-02-08,2020-01-15,7060.21,Standard,3,1,10,16131,1613.1,0.8,0.0,4,10,0,0,0,0,0,0,0,0,0,0,0,5,0,25.0,-100.0,1.2212301587301582,706.02,0.0,35
152499,British Columbia,Vancouver,male,Doctor,Rural,19794.0,Married,Star,2020-08-12,2021-04-12,7138.17,Standard,5,1,82,78813,961.13,0.22,0.06,28,3,4,3,13,0,0,0,0,19,27,13,0,31,23,10.71,-25.81,18.317928571428574,87.05,1.47,8
346532,Ontario,Kingston,male,College,Suburban,0.0,Single,Star,2016-11-16,2020-01-31,7205.02,Standard,2,1,2,17832,8916.0,1.0,0.0,1,2,0,0,0,0,0,0,0,0,0,0,0,1,0,0.0,-100.0,0.04884920634920635,3602.51,0.0,38
252082,Newfoundland,St. John's,male,Bachelor,Rural,60345.0,Single,Star,2017-05-30,2021-09-02,7229.33,Standard,3,1,193,342024,1772.15,0.32,0.03,63,32,17,6,23,27,2,3,15,26,11,0,30,70,60,11.11,-14.29,28.091587301587307,37.46,0.76,51
456177,British Columbia,Vancouver,female,Bachelor,Suburban,86448.0,Married,Star,2021-04-18,2021-12-18,7234.14,2021 Promotion,3,1,56,79671,1422.7,0.05,0.0,0,0,0,0,0,11,0,0,12,9,12,0,12,0,56,0.0,0.0,15.625396825396829,129.18,0.0,8
266298,Ontario,Toronto,female,Bachelor,Rural,63267.0,Single,Star,2019-12-19,2020-08-19,7247.21,Standard,3,1,59,130131,2205.61,0.46,0.0,28,17,0,0,4,0,0,38,0,0,0,0,0,31,0,10.71,-100.0,22.3280873015873,122.83,0.0,8
985765,Manitoba,Winnipeg,female,Bachelor,Urban,34062.0,Married,Star,2019-04-02,2021-09-26,7295.33,Standard,3,1,233,587224,2520.27,0.37,0.04,90,19,19,12,23,25,31,30,21,9,17,0,27,100,43,11.11,-57.0,22.27063492063492,31.31,0.31,30
634269,New Brunswick,Moncton,male,College,Urban,0.0,Single,Star,2018-02-28,2020-12-08,7324.29,Standard,2,1,110,439253,3993.21,0.33,0.0,52,2,0,13,6,2,15,13,4,23,2,19,11,58,0,11.54,-100.0,14.047015873015871,66.58,0.0,33
841636,Ontario,Toronto,male,Bachelor,Urban,52380.0,Married,Star,2018-11-26,2021-12-05,7360.87,Standard,3,1,206,338010,1640.83,0.28,0.04,74,4,20,13,14,6,31,26,15,10,23,19,25,82,50,10.81,-39.02,20.619142857142858,35.73,0.51,36
409984,Yukon,Whitehorse,male,College,Suburban,0.0,Single,Star,2021-04-14,2021-12-14,7452.23,2021 Promotion,2,1,38,127826,3363.84,0.24,0.0,0,0,0,0,0,11,0,12,3,0,10,0,2,0,38,0.0,0.0,9.653968253968255,196.11,0.0,8
234836,Quebec,Hull,female,Bachelor,Rural,70263.0,Married,Star,2020-04-01,2020-12-01,7462.93,Standard,3,1,101,337630,3342.87,0.34,0.04,48,0,0,0,15,8,15,10,17,15,17,0,4,53,0,10.42,-100.0,12.585992063492064,73.89,0.62,8
483631,Ontario,Toronto,female,Bachelor,Urban,97899.0,Divorced,Star,2016-01-24,2021-04-04,7486.07,Standard,3,1,138,293866,2129.46,0.26,0.0,58,11,4,21,16,0,17,36,11,4,19,0,0,65,15,12.07,-76.92,25.328849206349204,54.25,0.0,62
972787,Quebec,Montreal,male,Bachelor,Suburban,87473.0,Divorced,Star,2020-12-28,2021-08-28,7584.36,Standard,3,1,58,130493,2249.88,0.07,0.0,0,6,0,1,7,0,12,18,14,0,0,0,0,0,58,0.0,0.0,18.75873015873016,130.76,0.0,8
217761,British Columbia,Kelowna,female,Bachelor,Rural,98701.0,Married,Star,2018-10-04,2021-01-12,7610.84,Standard,3,1,132,259630,1966.89,0.18,0.0,62,1,13,6,23,8,21,0,25,28,8,0,0,69,1,11.29,-98.55,24.913039682539683,57.66,0.0,27
991442,Ontario,Toronto,male,Bachelor,Urban,60184.0,Divorced,Star,2017-09-13,2021-04-01,7664.22,Standard,3,1,128,187438,1464.36,0.38,0.0,49,0,6,38,9,23,34,0,0,15,0,2,0,54,25,10.2,-53.7,32.47739682539683,59.88,0.0,43
485258,New Brunswick,Fredericton,male,Bachelor,Rural,31686.0,Married,Star,2020-07-22,2021-03-22,7685.4,Standard,3,1,53,168308,3175.62,0.21,0.0,20,0,8,3,0,0,0,0,15,0,6,21,0,22,11,10.0,-50.0,9.905714285714284,145.01,0.0,8
277145,Nova Scotia,Halifax,male,Bachelor,Urban,90969.0,Single,Star,2020-01-20,2021-12-30,7779.59,Standard,3,1,140,334051,2386.08,0.4,0.05,32,5,11,8,0,4,6,17,18,36,26,10,0,35,74,9.38,111.43,24.08370634920635,55.57,0.49,23
352377,Alberta,Calgary,female,Master,Rural,21073.0,Divorced,Star,2017-01-28,2021-11-18,7805.31,Standard,4,1,184,410120,2228.91,0.24,0.0,46,10,10,10,10,28,28,36,6,10,10,20,6,51,87,10.87,70.59,29.174500000000002,42.42,0.0,58
475034,Ontario,Kingston,female,Bachelor,Suburban,64543.0,Married,Star,2021-04-20,2021-12-20,7824.49,2021 Promotion,3,1,66,118593,1796.86,0.11,0.0,0,0,0,0,0,13,13,13,0,0,8,8,11,0,66,0.0,0.0,18.142857142857142,118.55,0.0,8
377489,Manitoba,Winnipeg,male,College,Urban,0.0,Single,Star,2018-02-12,2021-05-04,7897.02,Standard,2,1,115,229839,1998.6,0.19,0.05,41,5,29,10,4,5,32,0,0,0,13,8,10,46,28,12.2,-39.13,19.86739682539683,68.67,0.67,39
448823,British Columbia,Whistler,female,Bachelor,Rural,62291.0,Married,Star,2020-03-02,2020-11-02,7901.7,Standard,3,1,89,210957,2370.3,0.26,0.02,42,0,0,0,4,8,34,0,17,23,4,0,0,47,0,11.9,-100.0,23.303325396825393,88.78,1.51,8
293100,Ontario,Trenton,female,Bachelor,Rural,35406.0,Divorced,Star,2020-02-20,2020-10-20,7903.99,Standard,3,1,82,97590,1190.12,0.34,0.06,39,0,0,13,19,8,0,0,0,25,17,0,0,43,0,10.26,-100.0,16.163896825396822,96.39,1.4,8
252110,Ontario,Toronto,female,Bachelor,Suburban,89284.0,Married,Star,2017-12-10,2021-01-05,7920.11,Standard,3,1,156,291678,1869.73,0.29,0.15,74,15,10,0,13,13,23,34,30,10,8,0,0,82,0,10.81,-100.0,29.96720634920635,50.77,0.18,37
940187,Ontario,Toronto,female,Bachelor,Suburban,60214.0,Married,Star,2021-04-10,2021-12-10,7943.51,2021 Promotion,3,1,71,81681,1150.44,0.3,0.0,0,0,0,0,0,11,2,7,16,13,11,0,11,0,71,0.0,0.0,20.027777777777775,111.88,0.0,8
572836,Ontario,Toronto,male,High School or Below,Rural,22699.0,Married,Star,2020-04-07,2020-12-07,7956.15,Standard,1,1,53,146703,2767.98,0.28,0.05,25,0,0,0,0,13,0,0,4,17,0,19,0,28,0,12.0,-100.0,9.854920634920633,150.12,1.15,8
543881,Alberta,Edmonton,male,Bachelor,Rural,93459.0,Married,Star,2016-12-11,2020-12-20,7996.01,Standard,3,1,148,278234,1879.96,0.04,0.0,70,13,0,19,0,2,36,19,0,4,4,25,27,78,0,11.43,-100.0,33.45571428571428,54.03,0.0,48
239749,Ontario,Ottawa,female,College,Urban,0.0,Divorced,Star,2021-04-17,2021-12-17,8007.4,2021 Promotion,2,1,52,73302,1409.65,0.13,0.0,0,0,0,0,0,1,20,11,0,0,0,5,15,0,52,0.0,0.0,19.911111111111115,153.99,0.0,8
585277,Ontario,Toronto,male,Bachelor,Suburban,57664.0,Married,Star,2016-12-26,2021-08-01,8051.57,Standard,3,1,154,194204,1261.06,0.15,0.0,50,23,3,4,33,11,0,13,43,25,0,0,0,55,49,10.0,-10.91,33.37037301587301,52.28,0.0,55
534510,Alberta,Peace River,male,College,Urban,0.0,Single,Star,2020-06-27,2021-02-27,8071.65,Standard,2,1,97,131215,1352.73,0.49,0.0,41,10,0,0,0,0,0,23,25,25,10,6,0,46,10,12.2,-78.26,22.012539682539693,83.21,0.0,8
167575,British Columbia,Vancouver,male,College,Rural,0.0,Single,Star,2020-02-26,2020-10-26,8083.54,Standard,2,1,129,196922,1526.53,0.21,0.0,61,0,0,15,4,13,30,6,17,17,27,0,0,68,0,11.48,-100.0,25.020444444444447,62.66,0.0,8
890404,Ontario,Kingston,female,College,Rural,0.0,Single,Star,2020-12-25,2021-08-25,8123.02,Standard,2,1,43,112337,2612.49,0.49,0.03,0,0,5,11,3,5,0,10,9,0,0,0,0,0,43,0.0,0.0,8.846825396825398,188.91,2.37,8
883505,British Columbia,Vancouver,male,Bachelor,Rural,86811.0,Married,Star,2020-04-30,2021-07-21,8157.93,Standard,3,1,161,261333,1623.19,0.21,0.0,45,8,8,0,0,22,47,30,30,2,10,4,0,50,66,11.11,32.0,38.21406349206349,50.67,0.0,15
734556,British Columbia,Victoria,male,Bachelor,Urban,29057.0,Married,Star,2020-04-27,2020-12-27,8178.24,Standard,3,1,46,148624,3230.96,0.22,0.0,22,0,0,0,0,0,4,0,0,0,21,0,21,24,0,9.09,-100.0,11.071428571428571,177.79,0.0,8
606563,New Brunswick,Fredericton,male,Bachelor,Suburban,48866.0,Married,Star,2016-04-19,2021-05-06,8237.25,Standard,3,1,185,291532,1575.85,0.16,0.03,78,23,2,28,21,28,21,0,21,0,2,25,15,87,20,11.54,-77.01,29.14313492063492,44.53,1.03,61
606396,Ontario,Toronto,female,College,Urban,0.0,Single,Star,2021-04-25,2021-12-25,8255.06,2021 Promotion,2,1,35,118192,3376.91,0.29,0.0,0,0,0,0,0,11,0,0,4,2,2,7,9,0,35,0.0,0.0,6.884920634920635,235.86,0.0,8
649972,Nova Scotia,Halifax,female,Bachelor,Urban,96689.0,Married,Star,2018-04-05,2021-02-27,8272.33,Standard,3,1,88,254804,2895.5,0.38,0.08,37,3,30,10,0,0,0,0,6,17,15,0,8,41,10,10.81,-75.61,13.056214285714288,94.0,0.42,35
766691,British Columbia,Vancouver,female,High School or Below,Rural,19189.0,Married,Star,2019-07-28,2020-03-28,8281.74,Standard,1,1,28,42744,1526.57,0.0,0.0,14,21,8,0,0,0,0,0,0,0,0,0,0,15,0,7.14,-100.0,6.4402142857142834,295.78,0.0,8
552755,Manitoba,Winnipeg,female,Doctor,Urban,23879.0,Married,Star,2020-02-10,2020-10-10,8368.88,Standard,5,1,112,238889,2132.94,0.29,0.02,53,0,0,21,11,8,0,0,30,17,25,0,0,59,0,11.32,-100.0,25.140658730158737,74.72,1.54,8
771932,Ontario,Toronto,female,Master,Urban,19683.0,Married,Star,2020-10-14,2021-02-01,8382.63,Standard,4,1,9,68725,7636.11,0.33,0.0,4,1,0,0,0,0,0,0,0,0,0,6,2,4,1,0.0,-75.0,0.487015873015873,931.4,0.0,4
394569,British Columbia,Dawson Creek,male,Bachelor,Urban,46503.0,Divorced,Star,2019-06-10,2020-02-10,8427.17,Standard,3,1,19,37265,1961.32,0.0,0.0,9,19,0,0,0,0,0,0,0,0,0,0,0,10,0,11.11,-100.0,4.884920634920633,443.54,0.0,8
242387,Ontario,Sudbury,male,Doctor,Suburban,25539.0,Married,Star,2021-04-18,2021-12-18,8438.46,2021 Promotion,5,1,44,125110,2843.41,0.36,0.06,0,0,0,0,0,0,12,19,4,7,0,2,0,0,44,0.0,0.0,14.863492063492066,191.78,1.22,8
243751,Alberta,Edmonton,male,Bachelor,Urban,23791.0,Divorced,Star,2018-09-01,2021-09-25,8495.16,Standard,3,1,165,318164,1928.27,0.19,0.02,67,24,9,7,11,0,1,8,20,27,15,15,28,74,24,10.45,-67.57,23.318634920634913,51.49,1.18,37
721456,Quebec,Hull,male,Doctor,Urban,26057.0,Divorced,Star,2020-11-21,2021-07-21,8509.85,Standard,5,1,41,62213,1517.39,0.24,0.0,0,1,5,0,1,14,0,20,0,0,0,0,0,0,41,0.0,0.0,16.465873015873015,207.56,0.0,8
963170,Alberta,Edmonton,male,Bachelor,Suburban,46703.0,Single,Star,2021-01-31,2021-09-30,8573.46,Standard,3,1,24,69543,2897.62,0.42,0.0,0,0,0,0,7,0,7,0,4,6,0,0,0,0,24,0.0,0.0,3.828571428571428,357.23,0.0,8
406287,Alberta,Calgary,male,Bachelor,Urban,21474.0,Married,Star,2020-07-03,2021-03-03,8668.61,Standard,3,1,70,104272,1489.6,0.3,0.0,32,3,0,0,0,0,0,0,17,13,25,0,11,35,3,9.38,-91.43,13.747896825396824,123.84,0.0,8
170801,Ontario,Toronto,male,College,Urban,0.0,Married,Star,2021-01-07,2021-09-07,8709.32,Standard,2,1,49,92415,1886.02,0.41,0.12,0,0,6,0,2,14,9,16,1,1,0,0,0,0,49,0.0,0.0,14.523015873015872,177.74,0.79,8
397242,British Columbia,Dawson Creek,female,Bachelor,Suburban,22849.0,Married,Star,2016-05-11,2020-11-05,8789.88,Standard,3,1,120,199371,1661.42,0.11,0.03,57,19,10,17,0,19,0,4,34,13,0,4,0,63,0,10.53,-100.0,24.156214285714285,73.25,1.44,54
577901,Nova Scotia,Halifax,male,Bachelor,Rural,61246.0,Married,Star,2019-10-14,2020-06-14,8828.38,Standard,3,1,82,62299,759.74,0.21,0.09,39,21,11,0,21,28,0,0,0,0,0,0,0,43,0,10.26,-100.0,20.714753968253966,107.66,1.56,8
489609,Ontario,Toronto,female,Bachelor,Urban,76558.0,Married,Star,2019-06-08,2021-06-14,8901.47,Standard,3,1,66,125710,1904.7,0.23,0.0,22,8,0,17,0,0,0,19,0,10,0,13,0,25,19,13.64,-24.0,11.239706349206347,134.87,0.0,24
977377,Ontario,Ottawa,male,College,Urban,0.0,Single,Star,2020-03-08,2020-10-31,8984.04,Standard,2,1,137,157540,1149.93,0.23,0.0,65,0,0,0,27,13,23,0,34,19,21,0,0,72,0,10.77,-100.0,33.44857142857142,65.58,0.0,8
982433,Quebec,Montreal,male,College,Suburban,0.0,Married,Star,2021-02-17,2021-08-26,9087.59,2021 Promotion,2,1,46,72357,1572.98,0.11,0.0,0,0,0,3,7,0,1,21,14,0,0,0,0,0,46,0.0,0.0,18.206349206349206,197.56,0.0,6
798708,Ontario,Ottawa,female,Bachelor,Urban,65103.0,Married,Star,2020-12-02,2021-08-02,9095.15,Standard,3,1,39,74511,1910.54,0.49,0.03,0,0,2,0,0,0,17,5,15,0,0,0,0,0,39,0.0,0.0,14.307142857142859,233.21,3.61,8
496820,Ontario,Toronto,female,Bachelor,Urban,97030.0,Married,Star,2017-06-11,2021-10-09,9247.46,Standard,3,1,167,334499,2002.99,0.41,0.03,57,6,9,22,13,7,2,42,33,25,8,0,0,63,47,10.53,-25.4,29.374182539682533,55.37,0.81,52
746796,British Columbia,Vancouver,female,Bachelor,Rural,36067.0,Married,Star,2019-01-17,2020-03-22,9378.63,Standard,3,1,23,85272,3707.48,0.48,0.0,11,11,0,11,0,0,0,0,0,0,0,0,0,12,0,9.09,-100.0,3.310857142857144,407.77,0.0,14
472589,Newfoundland,St. John's,male,Bachelor,Suburban,27769.0,Married,Star,2016-06-11,2021-06-27,9521.22,Standard,3,1,115,299028,2600.24,0.26,0.04,34,9,21,1,20,8,14,8,10,10,2,13,0,38,43,11.76,13.16,11.444571428571429,82.79,0.78,61
953420,Alberta,Calgary,female,Bachelor,Suburban,39266.0,Married,Star,2021-01-08,2021-09-08,9587.33,Standard,3,1,17,71441,4202.41,0.29,0.0,0,0,0,4,7,0,2,0,4,0,0,0,0,0,17,0.0,0.0,2.1992063492063494,563.96,0.0,8
376929,Alberta,Banff,male,High School or Below,Urban,17514.0,Married,Star,2021-02-24,2021-03-30,9753.31,2021 Promotion,1,1,11,6387,580.64,0.0,0.0,0,0,0,11,0,0,0,0,0,0,0,0,0,0,11,0.0,0.0,3.3611111111111116,886.66,0.0,1
541953,British Columbia,Vancouver,female,College,Rural,0.0,Married,Star,2019-06-10,2021-04-09,9810.41,Standard,2,1,183,351141,1918.8,0.17,0.02,75,11,0,32,7,4,0,40,32,23,0,2,32,83,25,10.67,-69.88,47.54650000000001,53.61,1.57,22
772025,Manitoba,Winnipeg,female,College,Rural,0.0,Married,Star,2021-04-26,2021-12-26,9902.39,2021 Promotion,2,1,22,81351,3697.77,0.18,0.0,0,0,0,0,0,6,2,0,0,1,11,2,0,0,22,0.0,0.0,4.358730158730159,450.11,0.0,8
499563,Ontario,Ottawa,male,College,Suburban,0.0,Married,Star,2021-04-01,2021-12-01,10013.78,2021 Promotion,2,1,46,53860,1170.87,0.24,0.1,0,0,0,0,3,0,10,17,0,9,7,0,0,0,46,0.0,0.0,13.406349206349208,217.69,1.9,8
230070,Quebec,Hull,male,Master,Urban,11828.0,Divorced,Star,2020-11-09,2021-07-09,10083.49,Standard,4,1,22,102125,4642.05,0.55,0.0,5,3,0,0,0,6,2,0,0,0,0,0,11,6,11,20.0,83.33,2.863492063492063,458.34,0.0,8
819521,British Columbia,Victoria,female,Master,Urban,11828.0,Divorced,Star,2021-03-11,2021-11-11,10083.49,2021 Promotion,4,1,62,104880,1691.61,0.15,0.0,0,0,0,0,0,9,16,16,8,6,6,1,0,0,62,0.0,0.0,17.806349206349207,162.64,0.0,8
253283,Ontario,Toronto,female,College,Rural,0.0,Married,Star,2020-05-31,2021-01-31,10169.37,Standard,2,1,102,104359,1023.13,0.27,0.09,47,3,0,0,0,0,0,23,0,19,25,0,32,52,3,10.64,-94.23,28.33577777777778,99.7,1.09,8
569769,Ontario,Ottawa,female,Master,Urban,14290.0,Married,Star,2020-12-18,2021-09-22,10179.72,Standard,4,1,63,117781,1869.54,0.13,0.0,0,0,1,11,0,13,0,6,18,14,0,0,0,0,63,0.0,0.0,21.05,161.58,0.0,9
941719,Ontario,Toronto,female,College,Suburban,0.0,Single,Star,2020-06-10,2021-02-10,10346.32,Standard,2,1,92,147105,1598.97,0.16,0.0,42,0,3,0,0,0,0,19,0,10,21,25,15,47,3,11.9,-93.62,18.266944444444448,112.46,0.0,8
712636,Quebec,Quebec City,female,Bachelor,Urban,88233.0,Single,Star,2019-11-02,2020-07-02,10439.5,Standard,3,1,48,94711,1973.15,0.12,0.08,22,0,0,13,0,0,0,34,0,0,0,0,0,25,0,13.64,-100.0,17.498753968253954,217.49,1.36,8
459835,Ontario,Toronto,female,Bachelor,Rural,45259.0,Single,Star,2021-02-02,2021-10-02,10477.68,2021 Promotion,3,1,18,24241,1346.72,0.22,0.0,0,0,0,0,0,0,18,0,0,0,0,0,0,0,18,0.0,0.0,9.000000000000002,582.09,0.0,8
578234,Ontario,Toronto,male,Bachelor,Urban,61108.0,Divorced,Star,2017-01-15,2020-06-19,10484.92,Standard,3,1,63,121585,1929.92,0.1,0.07,30,17,0,0,23,6,17,0,0,0,0,0,0,33,0,10.0,-100.0,13.169928571428573,166.43,1.21,41
902421,Manitoba,Winnipeg,male,Bachelor,Urban,34837.0,Single,Star,2019-10-11,2020-06-11,10720.42,Standard,3,1,103,198216,1924.43,0.37,0.07,49,8,2,28,19,25,21,0,0,0,0,0,0,54,0,10.2,-100.0,24.32885714285714,104.08,0.78,8
577374,Manitoba,Winnipeg,male,Bachelor,Suburban,74835.0,Married,Star,2018-01-01,2021-08-10,10760.18,Standard,3,1,176,332675,1890.2,0.26,0.03,76,2,1,33,4,13,9,38,33,0,0,10,32,85,14,11.84,-83.53,39.78135714285717,61.14,1.2,43
921530,Yukon,Whitehorse,male,Bachelor,Rural,24195.0,Married,Star,2017-08-10,2020-12-31,10793.76,Standard,3,1,122,283824,2326.43,0.36,0.04,58,0,0,21,25,21,13,0,8,19,0,0,15,64,0,10.34,-100.0,21.361777777777778,88.47,0.97,41
616137,British Columbia,Vancouver,female,Bachelor,Rural,30761.0,Divorced,Star,2020-10-03,2021-06-03,10796.45,Standard,3,1,40,116660,2916.5,0.42,0.0,12,0,6,6,0,3,0,0,0,0,0,4,21,13,15,8.33,15.38,7.527706349206351,269.91,0.0,8
873297,Quebec,Montreal,male,Bachelor,Urban,24164.0,Divorced,Star,2020-08-28,2021-04-28,10972.07,Standard,3,1,72,143980,1999.72,0.36,0.07,27,7,3,0,5,0,0,0,0,23,0,13,21,30,15,11.11,-50.0,14.49542857142857,152.39,1.08,8
686561,Ontario,Sudbury,female,Bachelor,Rural,96721.0,Married,Star,2021-03-21,2021-11-21,10986.23,2021 Promotion,3,1,50,105809,2116.18,0.28,0.05,0,0,0,0,2,3,13,14,0,8,0,10,0,0,50,0.0,0.0,13.501587301587303,219.72,2.26,8
248196,Quebec,Montreal,male,Bachelor,Rural,51643.0,Single,Star,2019-09-18,2020-05-18,11009.13,Standard,3,1,65,67651,1040.78,0.17,0.08,31,2,13,0,21,28,0,0,0,0,0,0,0,34,0,9.68,-100.0,17.166825396825395,169.37,2.16,8
827309,Quebec,Montreal,male,Bachelor,Rural,88858.0,Married,Star,2017-11-25,2021-06-23,11255.46,Standard,3,1,157,333566,2124.62,0.25,0.0,66,3,20,3,4,20,21,4,23,15,13,0,30,73,18,10.61,-75.34,21.466563492063493,71.69,0.0,43
831928,Ontario,Toronto,female,Bachelor,Urban,64642.0,Married,Star,2020-10-29,2021-06-29,11565.69,Standard,3,1,48,131051,2730.23,0.25,0.0,14,0,5,0,9,6,0,0,0,0,0,4,25,15,20,7.14,33.33,11.136849206349206,240.95,0.0,8
594681,Ontario,Toronto,female,Bachelor,Suburban,67616.0,Married,Star,2016-01-29,2020-05-23,11599.5,Standard,3,1,68,98772,1452.53,0.19,0.0,32,0,8,23,25,13,0,0,0,0,0,0,0,36,0,12.5,-100.0,15.834857142857144,170.58,0.0,52
579785,Manitoba,Winnipeg,female,Bachelor,Rural,90016.0,Married,Star,2021-04-23,2021-12-23,11785.04,2021 Promotion,3,1,23,49262,2141.83,0.17,0.0,0,0,0,0,0,10,0,0,0,5,1,7,0,0,23,0.0,0.0,4.580158730158729,512.39,0.0,8
971608,Manitoba,Winnipeg,male,Bachelor,Rural,57449.0,Single,Star,2019-08-10,2020-04-10,12157.33,Standard,3,1,11,64172,5833.82,1.0,0.0,5,0,8,0,4,0,0,0,0,0,0,0,0,6,0,20.0,-100.0,0.9311428571428573,1105.21,0.0,8
154889,Ontario,Ottawa,female,College,Rural,0.0,Single,Star,2019-11-29,2020-07-29,12176.01,Standard,2,1,74,87151,1177.72,0.28,0.0,35,4,13,13,8,11,0,25,0,0,0,0,0,39,0,11.43,-100.0,12.345928571428573,164.54,0.0,8
462253,Quebec,Montreal,male,Bachelor,Suburban,85789.0,Married,Star,2019-07-18,2020-03-18,12332.52,Standard,3,1,30,67697,2256.57,0.0,0.0,14,0,10,21,0,0,0,0,0,0,0,0,0,16,0,14.29,-100.0,6.816825396825396,411.08,0.0,8
394195,British Columbia,Whistler,male,College,Rural,0.0,Single,Star,2016-11-30,2020-01-28,12944.19,Standard,2,1,2,28673,14336.5,1.0,0.0,1,2,0,0,0,0,0,0,0,0,0,0,0,1,0,0.0,-100.0,0.04884920634920635,6472.1,0.0,38
447439,British Columbia,Whistler,male,Master,Rural,15083.0,Married,Star,2020-05-09,2021-01-09,12947.68,Standard,4,1,138,156709,1135.57,0.14,0.0,64,3,0,0,0,0,30,28,27,0,25,25,0,71,3,10.94,-95.77,37.654753968253964,93.82,0.0,8
387721,Manitoba,Winnipeg,female,College,Suburban,0.0,Single,Star,2016-12-14,2021-12-03,13104.15,Standard,2,1,177,361903,2044.65,0.19,0.0,59,28,10,0,16,11,52,0,33,6,6,14,0,66,52,11.86,-21.21,33.67349206349206,74.03,0.0,60
546994,Manitoba,Winnipeg,female,Doctor,Suburban,11432.0,Married,Star,2019-12-07,2020-08-07,13466.92,Standard,5,1,55,66158,1202.87,0.62,0.12,26,0,0,13,8,27,4,0,4,0,0,0,0,29,0,11.54,-100.0,11.50161111111111,244.85,1.65,8
227303,Ontario,Trenton,male,Bachelor,Rural,75037.0,Married,Star,2021-06-27,2021-11-25,13530.03,Standard,3,1,36,87811,2439.19,0.39,0.11,0,0,0,0,0,0,0,17,10,9,0,0,0,0,36,0.0,0.0,12.4,375.83,1.44,5
372865,Ontario,Toronto,female,Bachelor,Urban,48534.0,Married,Star,2020-04-18,2020-12-18,13575.68,Standard,3,1,95,227947,2399.44,0.46,0.0,45,0,0,0,0,13,25,0,17,15,0,8,17,50,0,11.11,-100.0,16.62587301587302,142.9,0.0,8
467455,Ontario,Toronto,female,Bachelor,Rural,55588.0,Married,Star,2019-12-19,2020-08-19,13681.71,Standard,3,1,68,155566,2287.74,0.19,0.05,32,2,4,2,0,2,0,36,23,0,0,0,0,36,0,12.5,-100.0,22.764571428571426,201.2,1.69,8
298543,Ontario,Toronto,male,Bachelor,Suburban,59207.0,Single,Star,2020-12-21,2021-08-21,13770.98,Standard,3,1,64,135267,2113.55,0.25,0.0,0,5,6,3,13,14,14,2,7,0,0,0,0,0,64,0.0,0.0,16.292063492063487,215.17,0.0,8
296104,Ontario,Kingston,female,Bachelor,Suburban,70725.0,Divorced,Star,2019-05-28,2020-08-05,13891.68,Standard,3,1,95,209346,2203.64,0.44,0.09,45,2,0,13,27,11,4,38,0,0,0,0,0,50,0,11.11,-100.0,28.313301587301584,146.23,0.74,14
828026,Ontario,Sudbury,female,College,Urban,0.0,Single,Star,2016-05-23,2020-06-17,14070.64,Standard,2,1,84,191845,2283.87,0.18,0.0,40,19,0,13,21,10,21,0,0,0,0,0,0,44,0,10.0,-100.0,15.966349206349198,167.51,0.0,49
909880,Newfoundland,St. John's,male,Bachelor,Suburban,88753.0,Single,Star,2017-12-12,2020-05-16,14514.01,Standard,3,1,51,149828,2937.8,0.2,0.0,24,10,0,10,11,21,0,0,0,0,0,0,0,27,0,12.5,-100.0,8.616214285714287,284.59,0.0,29
507128,Quebec,Montreal,male,College,Suburban,0.0,Divorced,Star,2020-07-19,2021-03-19,14635.45,Standard,2,1,53,89132,1681.74,0.4,0.06,17,0,7,10,0,0,0,0,0,15,21,0,0,19,17,11.76,-10.53,11.5865,276.14,2.84,8
287211,British Columbia,Vancouver,male,High School or Below,Rural,17150.0,Married,Star,2019-09-05,2020-05-05,15032.9,Standard,1,1,32,55201,1725.03,0.0,0.0,15,21,11,0,0,0,0,0,0,0,0,0,0,17,0,13.33,-100.0,7.291134920634918,469.78,0.0,8
170232,British Columbia,Victoria,male,Bachelor,Suburban,81955.0,Married,Star,2018-10-04,2020-01-12,15320.37,Standard,3,1,17,16557,973.94,0.47,0.0,8,17,0,0,0,0,0,0,0,0,0,0,0,9,0,12.5,-100.0,3.9567857142857137,901.2,0.0,15
811748,British Columbia,Vancouver,male,Bachelor,Urban,39032.0,Married,Star,2019-07-20,2020-03-20,15762.6,Standard,3,1,19,40054,2108.11,0.0,0.0,9,11,8,0,0,0,0,0,0,0,0,0,0,10,0,11.11,-100.0,2.402634920634921,829.61,0.0,8
851021,Ontario,Toronto,male,Bachelor,Suburban,56362.0,Married,Star,2019-10-19,2020-07-09,15886.03,Standard,3,1,104,175602,1688.48,0.38,0.04,50,4,19,10,19,21,32,0,0,0,0,0,0,55,0,10.0,-100.0,24.378563492063492,152.75,2.26,9
214123,Ontario,Toronto,female,Bachelor,Rural,26030.0,Married,Star,2019-06-02,2020-02-02,16229.65,Standard,3,1,19,18686,983.47,0.0,0.0,9,0,19,0,0,0,0,0,0,0,0,0,0,10,0,11.11,-100.0,4.884920634920633,854.19,0.0,8
544182,Ontario,Toronto,male,College,Urban,0.0,Divorced,Star,2018-04-20,2021-11-05,16468.22,Standard,2,1,201,403298,2006.46,0.2,0.01,69,6,8,26,0,7,42,23,17,0,33,25,15,77,55,11.59,-28.57,32.593357142857144,81.93,3.95,43
132928,British Columbia,Whistler,male,Bachelor,Rural,53262.0,Married,Star,2019-06-06,2020-02-06,16887.8,Standard,3,1,25,58621,2344.84,0.24,0.0,12,15,10,0,0,0,0,0,0,0,0,0,0,13,0,8.33,-100.0,4.118373015873015,675.51,0.0,8
410343,Quebec,Quebec City,male,Bachelor,Suburban,20053.0,Married,Star,2020-06-08,2021-02-08,17085.41,Standard,3,1,85,129389,1522.22,0.15,0.0,35,3,8,0,0,0,0,0,13,10,21,0,30,39,11,11.43,-71.79,19.66123015873016,201.0,0.0,8
313996,Quebec,Montreal,male,Bachelor,Rural,22276.0,Married,Star,2019-10-18,2020-06-18,17250.75,Standard,3,1,68,131672,1936.35,0.16,0.0,32,0,4,13,4,21,27,0,0,0,0,0,0,36,0,12.5,-100.0,15.628,253.69,0.0,8
559127,Ontario,Kingston,female,Bachelor,Rural,80028.0,Married,Star,2019-11-22,2020-07-22,17292.94,Standard,3,1,65,282184,4341.29,0.52,0.0,31,0,6,6,15,13,21,4,0,0,0,0,0,34,0,9.68,-100.0,9.9268253968254,266.05,0.0,8
136879,Nova Scotia,Halifax,female,Bachelor,Suburban,52228.0,Married,Star,2020-12-16,2021-09-28,17526.18,Standard,3,1,65,145928,2245.05,0.22,0.04,0,0,6,13,5,11,13,0,9,8,0,0,0,0,65,0.0,0.0,15.646825396825394,269.63,3.3,9
428710,Ontario,Toronto,male,College,Suburban,0.0,Divorced,Star,2019-01-23,2021-10-04,17530.04,Standard,2,1,184,386487,2100.47,0.29,0.06,68,6,28,28,10,4,2,42,10,10,21,0,25,76,40,11.76,-47.37,29.56120634920635,95.27,0.8,32
506193,Ontario,Thunder Bay,female,High School or Below,Suburban,24054.0,Single,Star,2020-08-02,2021-04-02,18882.64,Standard,1,1,85,121530,1429.76,0.32,0.0,31,5,1,14,0,0,0,0,0,19,0,25,21,34,20,9.68,-41.18,20.831142857142858,222.15,0.0,8
670836,Quebec,Montreal,male,Bachelor,Urban,42754.0,Divorced,Star,2020-12-07,2021-08-07,19079.1,Standard,3,1,20,66176,3308.8,0.25,0.05,0,0,6,1,8,0,5,0,0,0,0,0,0,0,20,0.0,0.0,3.2825396825396824,953.96,5.55,8
827668,Quebec,Montreal,male,College,Urban,0.0,Single,Star,2019-12-25,2020-08-25,20186.35,Standard,2,1,91,166391,1828.47,0.14,0.03,43,0,19,4,11,27,0,0,30,0,0,0,0,48,0,11.63,-100.0,24.01371428571428,221.83,3.71,8
117939,Quebec,Montreal,male,College,Urban,0.0,Single,Star,2016-11-23,2020-05-02,20294.39,Standard,2,1,51,34827,682.88,0.12,0.0,24,19,13,6,13,0,0,0,0,0,0,0,0,27,0,12.5,-100.0,8.616214285714287,397.93,0.0,41
240209,British Columbia,Vancouver,female,College,Urban,0.0,Single,Star,2017-11-29,2021-11-18,20534.39,Standard,2,1,162,471286,2909.17,0.2,0.0,43,29,5,17,0,11,1,27,18,20,19,6,10,48,71,11.63,47.92,25.881111111111114,126.76,0.0,48
137529,Ontario,Toronto,male,Bachelor,Suburban,92079.0,Married,Star,2016-03-11,2020-12-09,20708.26,Standard,3,1,48,209998,4374.96,0.17,0.04,22,15,0,0,4,0,6,11,0,2,0,10,0,25,0,13.64,-100.0,5.397611111111111,431.42,2.47,57
274535,Ontario,Toronto,female,Bachelor,Rural,44695.0,Married,Star,2020-10-10,2021-06-10,21522.95,Standard,3,1,62,152664,2462.32,0.02,0.0,2,9,7,10,0,14,18,0,0,0,0,4,0,2,58,0.0,2800.0,18.604285714285712,347.14,0.0,8
823453,Ontario,Kingston,male,Bachelor,Suburban,49078.0,Single,Star,2021-01-11,2021-09-11,22332.44,Standard,3,1,64,125258,1957.16,0.3,0.12,0,0,6,13,6,11,15,8,0,5,0,0,0,0,64,0.0,0.0,16.063492063492063,348.94,1.53,8
707592,Ontario,Toronto,female,Master,Rural,23665.0,Married,Star,2021-04-02,2021-12-02,22658.54,2021 Promotion,4,1,52,90882,1747.73,0.1,0.0,0,0,0,0,0,9,3,2,10,0,13,1,14,0,52,0.0,0.0,13.853968253968254,435.74,0.0,8
486708,Quebec,Montreal,male,Bachelor,Rural,86481.0,Single,Star,2018-02-09,2021-07-18,23295.06,Standard,3,1,215,396627,1844.78,0.14,0.02,80,7,21,21,13,23,20,17,32,15,4,19,23,89,46,11.25,-48.31,26.356214285714287,108.35,3.33,41
835295,Ontario,Toronto,female,High School or Below,Urban,14072.0,Divorced,Star,2019-09-21,2020-02-17,24127.5,Standard,1,1,44,30480,692.73,0.18,0.0,21,25,19,0,0,0,0,0,0,0,0,0,0,23,0,9.52,-100.0,12.395515873015874,548.35,0.0,5
140130,Manitoba,Winnipeg,female,Master,Suburban,20983.0,Single,Star,2016-12-04,2021-02-13,24278.1,Standard,4,1,147,342325,2328.74,0.18,0.04,66,2,8,2,4,8,34,0,30,11,15,23,10,73,8,10.61,-89.04,29.791642857142868,165.16,1.83,50
274858,Alberta,Edmonton,female,Bachelor,Rural,24213.0,Single,Star,2018-03-09,2021-02-19,24709.6,Standard,3,1,180,335240,1862.44,0.18,0.02,83,8,1,25,0,19,8,34,25,0,23,17,21,92,5,10.84,-94.57,33.162253968253964,137.28,4.25,35
536699,Nova Scotia,Halifax,female,College,Suburban,0.0,Single,Star,2017-11-16,2020-07-27,25082.18,Standard,2,1,48,168262,3505.46,0.27,0.0,22,15,0,23,0,0,0,10,0,0,0,0,0,25,0,13.64,-100.0,10.258753968253972,522.55,0.0,32
302313,British Columbia,West Vancouver,female,Master,Rural,13663.0,Single,Star,2019-08-21,2020-12-08,25464.82,Standard,4,1,131,367112,2802.38,0.29,0.0,62,15,4,10,0,0,25,6,28,8,0,17,19,69,0,11.29,-100.0,22.197357142857147,194.39,0.0,16
361944,Manitoba,Winnipeg,male,Bachelor,Suburban,80409.0,Divorced,Star,2020-06-11,2021-02-11,26113.36,Standard,3,1,101,250967,2484.82,0.19,0.08,43,10,0,0,0,0,0,10,11,19,21,21,10,48,10,11.63,-79.17,16.862730158730166,258.55,1.25,8
903679,Quebec,Montreal,female,Bachelor,Rural,80409.0,Divorced,Star,2019-06-09,2020-02-09,26113.36,Standard,3,1,2,43858,21929.0,0.0,0.0,1,2,0,0,0,0,0,0,0,0,0,0,0,1,0,0.0,-100.0,0.04884920634920635,13056.68,0.0,8
329088,Alberta,Edmonton,male,Bachelor,Rural,33806.0,Divorced,Star,2018-02-25,2020-12-13,27789.69,Standard,3,1,190,316865,1667.71,0.14,0.05,90,13,21,15,13,27,11,19,27,27,4,13,0,100,0,11.11,-100.0,26.166349206349203,146.26,1.63,34
662489,British Columbia,Vancouver,male,College,Urban,0.0,Married,Star,2019-08-19,2020-04-19,29037.48,Standard,2,1,28,118266,4223.79,0.21,0.0,14,13,4,11,0,0,0,0,0,0,0,0,0,15,0,7.14,-100.0,3.9579285714285706,1037.05,0.0,8
857292,Quebec,Montreal,male,Bachelor,Suburban,73359.0,Married,Star,2017-12-24,2021-10-11,30154.68,Standard,3,1,167,301417,1804.89,0.17,0.01,53,10,9,0,22,23,14,28,1,17,13,0,30,59,55,11.32,-6.78,35.519071428571436,180.57,7.22,46
460673,Ontario,Ottawa,male,Bachelor,Rural,50719.0,Married,Star,2020-10-19,2021-06-19,31706.93,Standard,3,1,49,66315,1353.37,0.2,0.0,0,8,3,14,7,7,10,0,0,0,0,0,0,0,49,0.0,0.0,11.437301587301587,647.08,0.0,8
873965,Quebec,Montreal,female,Bachelor,Urban,60455.0,Single,Star,2016-02-02,2020-12-07,32450.39,Standard,3,1,87,211284,2428.55,0.31,0.0,41,2,2,0,0,21,13,4,0,2,19,25,0,46,0,12.2,-100.0,17.00206349206349,372.99,0.0,58
340931,British Columbia,Vancouver,female,Bachelor,Rural,39393.0,Single,Star,2019-06-16,2021-10-11,32677.34,Standard,3,1,114,293982,2578.79,0.24,0.05,31,21,3,6,6,7,15,10,13,0,26,6,2,34,49,9.68,44.12,16.581396825396823,286.64,2.1,28
149841,Ontario,Toronto,male,Bachelor,Suburban,90783.0,Divorced,Star,2020-12-31,2021-08-31,32864.4,Standard,3,1,38,118441,3116.87,0.39,0.1,0,5,1,3,7,8,0,12,2,0,0,0,0,0,38,0.0,0.0,7.311111111111111,864.85,2.71,8
552776,Manitoba,Winnipeg,female,Bachelor,Rural,20090.0,Married,Star,2019-06-05,2020-02-05,34611.38,Standard,3,1,34,63536,1868.71,0.06,0.0,16,11,23,0,0,0,0,0,0,0,0,0,0,18,0,12.5,-100.0,8.380285714285714,1017.98,0.0,8
640285,Quebec,Montreal,male,College,Suburban,0.0,Single,Star,2016-06-26,2021-11-14,35984.1,Standard,2,1,154,253986,1649.26,0.16,0.02,50,8,11,10,22,14,13,15,18,4,17,0,21,56,48,12.0,-14.29,21.06730158730159,233.66,8.72,65
969719,British Columbia,West Vancouver,male,Bachelor,Suburban,77143.0,Married,Star,2019-05-08,2020-01-08,40235.97,Standard,3,1,6,11769,1961.5,1.0,0.7,3,6,0,0,0,0,0,0,0,0,0,0,0,3,0,0.0,-100.0,0.4396428571428572,6706.0,4.85,8
615459,Quebec,Montreal,male,Bachelor,Urban,58958.0,Married,Star,2021-04-22,2021-12-22,83325.38,2021 Promotion,3,1,53,62696,1182.94,0.42,0.08,0,0,0,0,0,0,13,12,8,7,0,13,0,0,53,0.0,0.0,14.770634920634919,1572.18,15.88,8
